video,images,time_rows,ann_last,slope_implied,slope_fit,offset_fit,cost_identity,cost_fit
AA83-7,283,287,286,1.0141342756183747,1.03,-4.0,0.16129032258064516,0.12087912087912088
AAL839-6,556,704,703,1.2661870503597121,1.235,4.0,1.2651933701657458,0.3825136612021858
AB028-6,289,293,292,1.013840830449827,0.975,5.0,0.07608695652173914,0.043010752688172046
AB91-1,556,399,398,0.7176258992805755,1.0,0.0,0.046511627906976744,0.046511627906976744
AC264-1,343,226,225,0.6588921282798834,0.98,2.0,0.05405405405405406,0.013157894736842105
ADM715-1-2,445,368,367,0.8269662921348314,0.99,2.0,0.20689655172413793,0.1724137931034483
AG274-2,562,563,562,1.001779359430605,1.0,2.0,0.46774193548387094,0.4540540540540541
AG782-6,565,708,707,1.2530973451327434,0.995,1.0,0.19230769230769232,0.18579234972677597
AG782-8,565,399,398,0.7061946902654868,0.97,5.0,0.0625,0.045454545454545456
AH988-4,550,482,481,0.8763636363636363,1.005,-2.0,0.06369426751592357,0.050955414012738856
AHS115-5,556,476,475,0.8561151079136691,1.01,-1.0,0.13636363636363635,0.11842105263157894
AHS599-4,463,466,465,1.0064794816414686,0.945,5.0,0.2565789473684211,0.22077922077922077
AK383-1,457,460,459,1.0065645514223194,1.01,-2.0,0.10810810810810811,0.09523809523809523
AL702-9,547,551,550,1.0073126142595978,1.01,-3.0,0.11049723756906077,0.07777777777777778
AL884-2,559,706,705,1.262969588550984,1.225,7.0,1.7362637362637363,0.5945945945945946
AM33-2,562,297,296,0.5284697508896797,1.0,0.0,0.4639175257731959,0.4639175257731959
AM365-7,457,461,460,1.0087527352297594,0.97,0.0,0.477124183006536,0.477124183006536
AM685-3,361,364,363,1.0083102493074791,1.08,-26.0,0.6697247706422018,0.49504950495049505
AM716-1,571,496,495,0.8686514886164624,0.995,2.0,0.2625,0.2608695652173913
AM716-7,571,496,495,0.8686514886164624,1.015,-1.0,0.1625,0.12658227848101267
AM918-2-5,553,557,556,1.0072332730560578,1.0,1.0,0.09289617486338798,0.07650273224043716
AMT360-1-9,394,396,395,1.0050761421319796,0.99,2.0,0.22764227642276422,0.21138211382113822
AS1015-2,370,306,305,0.827027027027027,1.0,0.0,0.07368421052631578,0.07368421052631578
AS556-3,559,480,479,0.8586762075134168,1.025,2.0,0.33121019108280253,0.21710526315789475
AS563-1,202,204,203,1.00990099009901,0.995,0.0,0.27419354838709675,0.27419354838709675
AS662-2,466,278,277,0.5965665236051502,0.99,1.0,0.25287356321839083,0.2413793103448276
AS71-3,202,206,205,1.0198019801980198,1.0,0.0,0.07462686567164178,0.07462686567164178
BA1195-9,661,375,374,0.56732223903177,1.0,0.0,0.1111111111111111,0.1111111111111111
BA25-7,460,464,463,1.008695652173913,1.015,-3.0,0.09395973154362416,0.08163265306122448
BA258-6,436,438,437,1.0045871559633028,1.005,0.0,0.09722222222222222,0.08391608391608392
BA518-7,553,470,469,0.8499095840867993,1.0,2.0,0.6551724137931034,0.6275862068965518
BA560-1,574,576,575,1.0034843205574913,1.01,-1.0,0.08648648648648649,0.060109289617486336
BA560-2,574,576,575,1.0034843205574913,1.015,-2.0,0.12903225806451613,0.11475409836065574
BA782-2,376,378,377,1.0053191489361701,1.025,-4.0,0.12295081967213115,0.058823529411764705
BA958-2,361,362,361,1.002770083102493,1.035,-9.0,0.1864406779661017,0.168141592920354
BC167-4,286,289,288,1.0104895104895104,1.01,-2.0,0.08602150537634409,0.07608695652173914
BC254-1,559,711,710,1.2719141323792487,1.265,-3.0,1.6451612903225807,0.4810810810810811
BC254-5,559,397,396,0.7101967799642218,1.02,-4.0,0.11538461538461539,0.1015625
BC277-10,457,575,574,1.2582056892778994,1.31,-7.0,2.158273381294964,0.7132352941176471
BC277-9,457,377,376,0.824945295404814,1.065,-10.0,0.48739495798319327,0.35714285714285715
BC396-1,472,594,593,1.2584745762711864,1.25,0.0,1.5686274509803921,0.33986928104575165
BC396-2,472,473,472,1.0021186440677967,1.0,-1.0,0.09803921568627451,0.07894736842105263
BC518-6,550,471,470,0.8563636363636363,0.955,5.0,0.34838709677419355,0.2716049382716049
BC750-7,553,474,473,0.8571428571428571,1.005,-1.0,0.10967741935483871,0.1032258064516129
BC782-2,460,463,462,1.0065217391304349,0.995,1.0,0.040268456375838924,0.03333333333333333
BC973-4,553,477,476,0.8625678119349005,0.955,13.0,1.1623376623376624,1.0864197530864197
BE327-2,574,476,475,0.8292682926829268,0.995,2.0,1.2377622377622377,1.1944444444444444
BE340-9,469,471,470,1.004264392324094,0.98,8.0,0.436241610738255,0.42105263157894735
BE413-3,418,358,357,0.8564593301435407,0.985,2.0,0.16101694915254236,0.14166666666666666
BE645-10,559,559,558,1.0,0.985,7.0,0.40331491712707185,0.391304347826087
BE645-3,559,559,558,1.0,1.025,-2.0,0.4945054945054945,0.4576271186440678
BE645-7,559,376,375,0.6726296958855098,0.945,9.0,0.33613445378151263,0.2857142857142857
BE735-2,214,217,216,1.014018691588785,1.015,-2.0,0.07142857142857142,0.028985507246376812
BF924-3,556,479,478,0.8615107913669064,0.99,3.0,0.12738853503184713,0.12025316455696203
BG201-1,556,560,559,1.0071942446043165,0.98,4.0,0.907103825136612,0.8804347826086957
BG723-5,553,379,378,0.6853526220614828,1.005,-2.0,0.04918032786885246,0.024793388429752067
BH034-4,562,379,378,0.6743772241992882,0.99,1.0,0.08264462809917356,0.07377049180327869
BI104-3,271,273,272,1.007380073800738,0.905,9.0,0.5813953488372093,0.42045454545454547
BI224-2,421,361,360,0.8574821852731591,0.98,3.0,0.07758620689655173,0.05042016806722689
BJ3371-10,412,415,414,1.0072815533980584,0.99,1.0,0.14074074074074075,0.11851851851851852
BJ3371-9,412,276,275,0.6699029126213593,0.99,2.0,0.10227272727272728,0.07865168539325842
BJ497-7,460,200,199,0.43478260869565216,0.98,2.0,0.03389830508474576,0.03333333333333333
BK428-2,358,361,360,1.0083798882681565,0.995,0.0,0.05128205128205128,0.02564102564102564
BL042-8,562,477,476,0.8487544483985765,1.0,0.0,0.07692307692307693,0.07692307692307693
BL285-1-3,565,594,593,1.0513274336283185,1.01,-5.0,0.16666666666666666,0.12972972972972974
BL366-6,559,476,475,0.851520572450805,1.015,-3.0,0.11612903225806452,0.09868421052631579
BL418-7,565,569,568,1.0070796460176992,1.0,-2.0,0.31891891891891894,0.2864864864864865
BL526-1,655,379,378,0.5786259541984733,0.98,3.0,0.04878048780487805,0.047619047619047616
BL526-4,655,658,656,1.0045801526717557,1.0,0.0,0.09722222222222222,0.09722222222222222
BL526-5,655,462,460,0.7053435114503817,0.975,5.0,0.1360544217687075,0.11920529801324503
BM007-9,559,394,393,0.7048300536672629,1.0,0.0,0.0873015873015873,0.0873015873015873
BM016-2,556,559,557,1.0053956834532374,1.015,-3.0,0.060109289617486336,0.05
BM016-5,556,559,557,1.0053956834532374,1.01,-5.0,0.1564245810055866,0.1348314606741573
BM076-4,553,477,476,0.8625678119349005,0.985,1.0,0.08974358974358974,0.06962025316455696
BM201-1,568,395,394,0.6954225352112676,1.01,-2.0,0.05511811023622047,0.04
BM209-8,277,279,278,1.0072202166064983,1.025,-3.0,0.28735632183908044,0.25882352941176473
BM352-6,565,379,378,0.6707964601769911,1.0,1.0,0.056910569105691054,0.04065040650406504
BM414-3,412,360,359,0.8737864077669902,0.94,4.0,0.3418803418803419,0.232
BM655-10,577,578,577,1.001733102253033,1.0,0.0,0.13756613756613756,0.13756613756613756
BM968-3,361,313,312,0.8670360110803325,1.005,0.0,0.25,0.23958333333333334
BM984-2,217,220,219,1.0138248847926268,0.975,3.0,0.07142857142857142,0.056338028169014086
BMH857-2,454,389,388,0.8568281938325991,0.995,2.0,0.15873015873015872,0.14285714285714285
BMS288-1,283,286,285,1.010600706713781,0.975,7.0,0.1724137931034483,0.15730337078651685
BMS819-7,568,499,498,0.8785211267605634,1.005,1.0,0.3333333333333333,0.2981366459627329
BN356-3,421,360,359,0.8551068883610451,0.99,2.0,0.10344827586206896,0.0847457627118644
BN356-6,421,425,424,1.009501187648456,1.005,-1.0,0.16546762589928057,0.15217391304347827
BO613-7,562,478,477,0.8505338078291815,1.0,0.0,0.07096774193548387,0.07096774193548387
BR953-7,562,470,469,0.8362989323843416,1.005,-1.0,0.14193548387096774,0.12987012987012986
BS1033-2,556,378,377,0.6798561151079137,1.02,-2.0,0.08943089430894309,0.058333333333333334
BS1086-1,568,496,495,0.8732394366197183,1.015,-1.0,0.44375,0.43670886075949367
BS294-7,199,203,202,1.020100502512563,1.015,-2.0,0.06060606060606061,0.046153846153846156
BS495-9,559,478,477,0.855098389982111,1.02,-2.0,0.23376623376623376,0.2052980132450331
BS544-1,280,283,282,1.0107142857142857,0.985,2.0,0.033707865168539325,0.022222222222222223
BS596-5,208,210,209,1.0096153846153846,1.0,-1.0,0.09090909090909091,0.030303030303030304
BS648-2-4,514,518,516,1.0077821011673151,0.96,14.0,0.14705882352941177,0.09302325581395349
BS648-7,514,366,365,0.7120622568093385,0.96,5.0,0.226890756302521,0.16260162601626016
BS777-8,754,501,500,0.6644562334217506,1.01,0.0,0.5060975609756098,0.4691358024691358
BS836-11,544,458,457,0.8419117647058824,0.985,4.0,0.12751677852348994,0.11258278145695365
BS918-6,562,564,563,1.00355871886121,0.995,1.0,0.15760869565217392,0.15760869565217392
BV646-6,154,156,155,1.0129870129870129,0.865,9.0,0.825,0.7380952380952381
BY829-1,451,572,571,1.2682926829268293,0.995,3.0,0.14093959731543623,0.12666666666666668
BY829-3,451,376,375,0.8337028824833703,0.985,4.0,0.18548387096774194,0.18253968253968253
CA364-7,550,378,377,0.6872727272727273,1.045,-6.0,0.2857142857142857,0.21238938053097345
CAV074-1,556,557,556,1.0017985611510791,1.0,-2.0,0.10674157303370786,0.0903954802259887
CAV074-3,556,557,556,1.0017985611510791,0.99,1.0,0.08839779005524862,0.08241758241758242
CAV074-4,556,464,462,0.8345323741007195,1.01,-2.0,0.087248322147651,0.07432432432432433
CAV074-5,556,557,555,1.0017985611510791,0.99,1.0,0.09289617486338798,0.06521739130434782
CAV074-6,556,557,556,1.0017985611510791,1.01,0.0,0.09340659340659341,0.08333333333333333
CAV074-8,556,557,556,1.0017985611510791,1.0,0.0,0.1092896174863388,0.1092896174863388
CAV074-9,556,557,556,1.0017985611510791,1.0,0.0,0.011235955056179775,0.011235955056179775
CC007-2,559,480,479,0.8586762075134168,0.99,2.0,0.07051282051282051,0.06962025316455696
CC336-9,346,293,292,0.846820809248555,0.955,1.0,0.3258426966292135,0.22580645161290322
CC455-3,556,478,477,0.8597122302158273,1.005,-1.0,0.032679738562091505,0.026143790849673203
CC563-5,457,459,458,1.0043763676148796,0.98,4.0,0.09154929577464789,0.07692307692307693
CC751-4,352,354,353,1.0056818181818181,1.005,0.0,0.06896551724137931,0.06086956521739131
CC938-4,421,298,297,0.7078384798099763,0.87,-13.0,1.175257731958763,0.875
CC966-1,562,476,475,0.8469750889679716,1.0,1.0,0.05228758169934641,0.03289473684210526
CE417-1,469,470,469,1.0021321961620469,1.005,-1.0,0.11764705882352941,0.10526315789473684
CE417-3,469,470,469,1.0021321961620469,1.0,-1.0,0.08496732026143791,0.08496732026143791
CE417-6,469,470,469,1.0021321961620469,0.995,2.0,0.07142857142857142,0.05161290322580645
CE525-2,571,478,477,0.8371278458844134,0.955,10.0,0.27388535031847133,0.24539877300613497
CE604-1,202,206,205,1.0198019801980198,0.985,2.0,0.045454545454545456,0.045454545454545456
CE712-2,571,573,572,1.0035026269702276,1.005,-2.0,0.5106382978723404,0.5
CF946-6,352,311,310,0.8835227272727273,0.975,2.0,0.10638297872340426,0.10416666666666667
CJ261-10,541,687,686,1.2698706099815158,1.395,-18.0,1.6432748538011697,0.39490445859872614
CJ261-6,541,687,686,1.2698706099815158,1.325,-5.0,1.2542372881355932,0.3668639053254438
CJ528-1,457,459,458,1.0043763676148796,0.945,6.0,0.26174496644295303,0.15894039735099338
CK601-2,544,462,460,0.8492647058823529,0.97,1.0,0.8,0.7272727272727273
CK601-4,544,546,544,1.0036764705882353,0.95,4.0,0.5142857142857142,0.44886363636363635
CL783-2,556,471,470,0.8471223021582733,0.995,0.0,0.08496732026143791,0.05844155844155844
CM010-10,550,552,550,1.0036363636363637,0.955,6.0,0.43956043956043955,0.358695652173913
CM010-7,550,552,550,1.0036363636363637,0.97,4.0,0.47802197802197804,0.4207650273224044
CM1073-4,205,209,208,1.0195121951219512,1.055,-7.0,0.640625,0.6065573770491803
CM146-1,403,405,404,1.0049627791563276,0.995,-1.0,0.109375,0.0859375
CM627-1,550,553,551,1.0054545454545454,0.995,0.0,0.07142857142857142,0.04395604395604396
CM627-3,550,553,552,1.0054545454545454,0.99,2.0,0.055865921787709494,0.0335195530726257
CM627-8,550,553,551,1.0054545454545454,0.995,2.0,0.07692307692307693,0.07103825136612021
CM641-1-8,562,475,474,0.8451957295373665,0.995,-1.0,0.21935483870967742,0.1858974358974359
CM782-8,424,427,426,1.0070754716981132,0.99,1.0,0.26277372262773724,0.25547445255474455
CM892-5,565,566,565,1.0017699115044247,1.025,-3.0,0.5081967213114754,0.46629213483146065
CN473-1,559,463,462,0.8282647584973166,1.01,-1.0,0.06,0.03355704697986577
CN606-5,478,480,479,1.00418410041841,0.905,10.0,0.896774193548387,0.740506329113924
CO119-8,547,470,469,0.8592321755027422,0.995,0.0,0.2077922077922078,0.19480519480519481
CV306-2,550,294,293,0.5345454545454545,1.0,0.0,0.11702127659574468,0.11702127659574468
DA1054-5,550,551,550,1.0018181818181817,1.0,-1.0,0.25,0.24444444444444444
DA309-5,565,567,566,1.0035398230088495,1.04,-11.0,0.42934782608695654,0.384180790960452
DA684-4,649,497,496,0.765793528505393,1.015,0.0,0.1125,0.09554140127388536
DA769-1,196,200,199,1.0204081632653061,0.99,1.0,0.08196721311475409,0.06451612903225806
DA781-4,586,381,380,0.6501706484641638,0.995,1.0,0.12,0.1111111111111111
DA925-6,553,475,474,0.8589511754068716,0.995,0.0,0.12418300653594772,0.1038961038961039
DAS678-1,421,223,222,0.5296912114014252,1.14,-18.0,0.6388888888888888,0.5873015873015873
DAS706-3,547,465,464,0.850091407678245,0.985,1.0,0.32450331125827814,0.2727272727272727
DC307-1,646,718,717,1.111455108359133,1.23,1.0,1.3773584905660377,0.581151832460733
DC307-2,646,474,473,0.7337461300309598,1.015,-2.0,0.11688311688311688,0.09210526315789473
DC307-7,646,649,648,1.0046439628482973,1.005,0.0,0.07981220657276995,0.0660377358490566
DC932-2,202,205,204,1.0148514851485149,1.0,0.0,0.015384615384615385,0.015384615384615385
DE069-10,565,567,565,1.0035398230088495,1.0,0.0,0.06629834254143646,0.06629834254143646
DE069-2,565,567,565,1.0035398230088495,0.985,3.0,0.1092896174863388,0.09782608695652174
DE069-3,565,567,565,1.0035398230088495,0.985,3.0,0.07065217391304347,0.06486486486486487
DE069-7,565,468,466,0.8283185840707965,0.99,2.0,0.07236842105263158,0.0718954248366013
DE604-3,556,475,474,0.85431654676259,1.005,-2.0,0.09740259740259741,0.0784313725490196
DE842-3,472,475,474,1.00635593220339,1.0,1.0,0.08974358974358974,0.05128205128205128
DG487-4,277,281,280,1.0144404332129964,0.98,6.0,0.09090909090909091,0.08888888888888889
DHDPI042-3,556,579,578,1.04136690647482,0.99,-1.0,0.2247191011235955,0.19101123595505617
DHDPI042-6,556,579,578,1.04136690647482,1.265,-3.0,1.5934065934065933,0.2751677852348993
DHDPI042-7,556,579,578,1.04136690647482,0.97,2.0,0.18435754189944134,0.16111111111111112
DHDPI042-8,556,579,578,1.04136690647482,1.05,-19.0,0.21311475409836064,0.1807909604519774
DI358-3,214,216,215,1.0093457943925233,0.99,0.0,0.13043478260869565,0.043478260869565216
DJC641-4,652,475,474,0.7285276073619632,1.0,0.0,0.13157894736842105,0.13157894736842105
DL020-3,547,477,476,0.8720292504570384,1.005,-1.0,0.11612903225806452,0.1032258064516129
DL266-4,202,206,205,1.0198019801980198,1.01,-1.0,0.01694915254237288,0.0
DL61-2,277,281,280,1.0144404332129964,0.995,3.0,0.07777777777777778,0.054945054945054944
DL617-6,658,299,298,0.45440729483282677,1.065,-6.0,0.4777777777777778,0.35714285714285715
DM1114-6,283,287,286,1.0141342756183747,0.995,0.0,0.4444444444444444,0.4222222222222222
DM235-3,421,301,300,0.7149643705463183,0.975,4.0,0.12371134020618557,0.10891089108910891
DML271-2,268,270,269,1.007462686567164,1.01,0.0,0.20454545454545456,0.1839080459770115
DML373-2,472,473,472,1.0021186440677967,0.995,1.0,0.06,0.059602649006622516
DN340-2,544,376,375,0.6911764705882353,1.03,-2.0,0.36666666666666664,0.27586206896551724
DN376-8,559,469,468,0.8389982110912343,0.955,7.0,0.39215686274509803,0.36645962732919257
DN881-6,361,155,154,0.4293628808864266,1.02,1.0,0.3191489361702128,0.13333333333333333
DRL1048-1,649,479,478,0.7380585516178737,0.6,-80.0,6.076923076923077,2.6646706586826348
DS17-2,430,431,430,1.0023255813953489,0.995,3.0,0.0851063829787234,0.0851063829787234
DS61-1,367,324,323,0.8828337874659401,0.995,1.0,0.11428571428571428,0.11428571428571428
DS666-9,562,477,476,0.8487544483985765,1.005,-1.0,0.05806451612903226,0.04516129032258064
DS947-2,280,282,281,1.0071428571428571,1.005,0.0,0.07777777777777778,0.06666666666666667
DSE41-2,496,496,495,1.0,1.125,-4.0,1.4899328859060403,1.378787878787879
DSM138-5,571,574,573,1.0052539404553416,1.03,-3.0,0.8709677419354839,0.8397790055248618
DT336-1,478,396,395,0.8284518828451883,0.965,8.0,0.17054263565891473,0.08270676691729323
DT336-2,478,481,480,1.006276150627615,1.0,1.0,0.11464968152866242,0.10759493670886076
DV116-3,352,354,353,1.0056818181818181,1.595,-20.0,2.8173913043478263,2.138888888888889
DV305-3,346,225,224,0.6502890173410405,0.985,2.0,0.328125,0.26153846153846155
DV728-6,547,475,474,0.8683729433272395,1.0,0.0,0.06756756756756757,0.06756756756756757
DV728-7,547,376,375,0.6873857404021938,1.0,-1.0,0.09243697478991597,0.05
DY236-4,409,276,275,0.6748166259168704,1.01,-2.0,0.08045977011494253,0.06896551724137931
EA32-6,412,368,367,0.8932038834951457,0.995,2.0,0.07627118644067797,0.05042016806722689
EC234-5,373,376,375,1.0080428954423593,1.005,-1.0,0.45,0.44537815126050423
EE656-3,469,291,290,0.6204690831556503,0.995,0.0,0.13829787234042554,0.1276595744680851
EH309-8,547,477,476,0.8720292504570384,1.005,-1.0,0.0967741935483871,0.09032258064516129
EH315-3,541,555,553,1.0258780036968578,0.645,79.0,1.853932584269663,1.3370165745856353
EH315-8,541,555,553,1.0258780036968578,0.665,9.0,2.230337078651685,1.425414364640884
EH512-10,142,146,145,1.028169014084507,0.94,3.0,0.10810810810810811,0.02702702702702703
EJ393-3,208,481,480,2.3125,1.6,80.0,9.25,5.357142857142857
FA344-5,490,494,493,1.0081632653061225,1.025,0.0,0.6560509554140127,0.577922077922078
FA662-6,541,459,458,0.8484288354898336,1.015,-3.0,0.06666666666666667,0.04054054054054054
FC048-6,364,289,288,0.7939560439560439,0.99,2.0,0.10638297872340426,0.10526315789473684
FC1164-11,484,488,487,1.0082644628099173,1.0,0.0,0.031446540880503145,0.031446540880503145
FD156-4,553,478,477,0.864376130198915,1.03,-5.0,0.2692307692307692,0.23841059602649006
FE14-020,355,363,362,1.0225352112676056,1.08,-3.0,0.3277310924369748,0.2857142857142857
FF717-4,547,477,476,0.8720292504570384,1.02,-4.0,0.17419354838709677,0.14473684210526316
FH658-4,565,569,568,1.0070796460176992,1.0,2.0,0.3582887700534759,0.3422459893048128
FM162-6,547,549,548,1.0036563071297988,1.0,0.0,0.07386363636363637,0.07386363636363637
FM864-7,271,275,274,1.014760147601476,1.24,-9.0,1.0568181818181819,0.5492957746478874
FN852-1,646,458,457,0.7089783281733746,0.99,1.0,0.07432432432432433,0.06666666666666667
FS987-5,154,156,155,1.0129870129870129,1.005,-1.0,0.08333333333333333,0.0625
FV709-11,367,243,242,0.662125340599455,1.045,-2.0,0.6571428571428571,0.6119402985074627
GA1087-6,556,495,494,0.8902877697841727,0.98,7.0,0.10759493670886076,0.09259259259259259
GA122-8,568,398,397,0.7007042253521126,1.25,-27.0,0.9767441860465116,0.5145631067961165
GA365-1,145,147,146,1.013793103448276,0.99,0.0,0.05128205128205128,0.05128205128205128
GA425-1,559,476,475,0.851520572450805,1.0,0.0,0.0641025641025641,0.0641025641025641
GA664-1,577,739,738,1.2807625649913346,0.99,3.0,0.15425531914893617,0.14814814814814814
GA664-3,577,473,472,0.8197573656845754,1.005,0.0,0.14193548387096774,0.13636363636363635
GA664-4,577,739,738,1.2807625649913346,1.035,-16.0,0.22459893048128343,0.15934065934065933
GA664-8,577,739,738,1.2807625649913346,1.185,10.0,1.202127659574468,0.5078534031413613
GA703-2-7,457,354,353,0.774617067833698,1.0,0.0,0.08620689655172414,0.08620689655172414
GA800-4,469,473,472,1.0085287846481876,1.01,-1.0,0.3288590604026846,0.31756756756756754
GA817-1-8,478,388,387,0.8117154811715481,1.025,-2.0,0.14285714285714285,0.13008130081300814
GA911-3,211,213,212,1.009478672985782,0.995,1.0,0.08823529411764706,0.08695652173913043
GA982-7,466,469,468,1.0064377682403434,1.005,0.0,0.12337662337662338,0.1038961038961039
GC340-1,553,584,583,1.0560578661844484,1.255,-4.0,1.3169398907103824,0.24836601307189543
GC340-10,553,694,693,1.2549728752260398,0.985,2.0,0.19230769230769232,0.18032786885245902
GC340-3,553,694,693,1.2549728752260398,1.005,-3.0,0.14754098360655737,0.13736263736263737
GC381-10,562,498,497,0.8861209964412812,0.945,14.0,0.6,0.5470588235294118
GC658-3,544,547,545,1.005514705882353,0.995,1.0,0.8491620111731844,0.8379888268156425
GC658-9,544,457,455,0.8400735294117647,1.0,-2.0,0.23333333333333334,0.20666666666666667
GC702-6,457,460,459,1.0065645514223194,0.96,15.0,0.543046357615894,0.5131578947368421
GC836-1,469,473,472,1.0085287846481876,1.0,0.0,0.3783783783783784,0.3783783783783784
GC836-4,469,473,472,1.0085287846481876,1.03,-5.0,0.6118421052631579,0.5743243243243243
GC851-5,355,357,356,1.0056338028169014,1.015,-2.0,0.15384615384615385,0.1391304347826087
GD391-8,559,561,560,1.003577817531306,1.015,-5.0,0.14673913043478262,0.13259668508287292
GD391-9,559,477,476,0.853309481216458,0.995,0.0,0.04516129032258064,0.038461538461538464
GE218-3,1138,579,578,0.5087873462214412,0.995,2.0,0.10638297872340426,0.09523809523809523
GE294-4,406,409,408,1.0073891625615763,0.96,5.0,0.40601503759398494,0.37777777777777777
GE663-5,472,475,474,1.00635593220339,1.015,-2.0,0.1503267973856209,0.125
GE843-2,211,214,213,1.014218009478673,0.985,-1.0,0.08695652173913043,0.04411764705882353
GF083-5,262,265,264,1.0114503816793894,0.96,7.0,0.07692307692307693,0.075
GF1042-1-3,550,477,476,0.8672727272727273,0.985,2.0,0.09554140127388536,0.07547169811320754
GF1042-2-6,472,474,473,1.0042372881355932,0.98,3.0,0.08387096774193549,0.08333333333333333
GF667-1-1,559,382,381,0.6833631484794276,1.045,-8.0,0.43089430894308944,0.358974358974359
GF667-2-6,547,376,375,0.6873857404021938,1.035,-3.0,0.1557377049180328,0.06779661016949153
GF976-4,418,375,374,0.8971291866028708,1.0,1.0,0.056910569105691054,0.04032258064516129
GG677-5,658,498,497,0.756838905775076,0.98,2.0,0.09316770186335403,0.06060606060606061
GJ165-5,541,375,374,0.6931608133086876,1.0,-2.0,0.11382113821138211,0.07317073170731707
GJ191-1,556,558,557,1.0035971223021583,0.995,1.0,0.07222222222222222,0.07222222222222222
GJ285-1,367,369,368,1.005449591280654,1.0,1.0,0.10743801652892562,0.09090909090909091
GJ316-1,565,482,481,0.8530973451327434,1.0,-1.0,0.0759493670886076,0.06369426751592357
GM213-2,193,194,193,1.005181347150259,0.98,0.0,0.3389830508474576,0.3220338983050847
GM293-2,568,572,571,1.0070422535211268,1.0,0.0,0.043243243243243246,0.043243243243243246
GM293-3,568,376,375,0.6619718309859155,1.0,0.0,0.09166666666666666,0.09166666666666666
GM456-3,361,358,357,0.9916897506925207,1.595,-47.0,3.591304347826087,2.835616438356164
GM537-7,556,556,555,1.0,1.015,-2.0,0.2897727272727273,0.26011560693641617
GM858-1-3,454,456,455,1.0044052863436124,0.98,4.0,0.11333333333333333,0.09933774834437085
GM858-2-6,454,456,455,1.0044052863436124,0.995,1.0,0.07432432432432433,0.060810810810810814
GML002-7,478,480,479,1.00418410041841,1.005,-1.0,0.11333333333333333,0.10666666666666667
GNB477-5,424,373,372,0.8797169811320755,0.965,4.0,0.38016528925619836,0.328
GRSO424-8,475,392,391,0.8252631578947368,0.995,0.0,0.0967741935483871,0.0967741935483871
GS205-2,544,453,451,0.8327205882352942,0.99,1.0,0.0821917808219178,0.07482993197278912
GS205-6,544,548,546,1.0073529411764706,1.02,-7.0,0.17415730337078653,0.17142857142857143
GS220-2,355,359,358,1.0112676056338028,0.99,1.0,0.13675213675213677,0.13675213675213677
GS334-6,547,686,685,1.2541133455210238,0.98,5.0,0.20670391061452514,0.18888888888888888
GS349-4,424,428,427,1.009433962264151,1.0,0.0,0.1386861313868613,0.1386861313868613
GS400-7,559,481,480,0.8604651162790697,1.015,-1.0,0.532051282051282,0.5
GS415-5,544,465,464,0.8547794117647058,1.0,1.0,0.07236842105263158,0.06578947368421052
GS430-1,547,459,457,0.8391224862888482,1.005,-2.0,0.2866666666666667,0.26666666666666666
GS430-2,547,549,547,1.0036563071297988,1.025,-3.0,0.9888268156424581,0.9827586206896551
GS430-9,547,375,374,0.6855575868372943,1.03,-4.0,0.22131147540983606,0.2033898305084746
GS490-2,556,559,557,1.0053956834532374,0.905,15.0,0.2967032967032967,0.22702702702702704
GS490-4,556,477,476,0.8579136690647482,0.99,0.0,0.3161290322580645,0.2929936305732484
GS490-7,556,702,701,1.2625899280575539,1.15,12.0,1.1333333333333333,0.33152173913043476
GS490-_6,556,559,557,1.0053956834532374,0.76,80.0,1.7458563535911602,1.545945945945946
GS611-3,565,501,500,0.8867256637168142,1.01,-1.0,0.0736196319018405,0.05555555555555555
GS611-4,565,501,500,0.8867256637168142,1.0,0.0,0.056962025316455694,0.056962025316455694
GS753-8,553,466,465,0.8426763110307414,0.975,0.0,0.27631578947368424,0.19230769230769232
GS811-3,562,565,564,1.0053380782918149,1.005,-2.0,0.2677595628415301,0.25274725274725274
GS826-2,544,548,547,1.0073529411764706,1.01,-2.0,0.07222222222222222,0.05027932960893855
GS955-7,565,567,566,1.0035398230088495,0.98,6.0,0.20666666666666667,0.16556291390728478
GS980-2,562,384,383,0.6832740213523132,1.015,0.0,0.13008130081300814,0.09917355371900827
GSS052-2,448,452,451,1.0089285714285714,1.0,0.0,0.061224489795918366,0.061224489795918366
GSS052-6,448,452,451,1.0089285714285714,0.995,1.0,0.0945945945945946,0.08108108108108109
GT353-3,412,414,413,1.0048543689320388,0.99,3.0,0.3111111111111111,0.3088235294117647
GUDPI077-8,340,344,343,1.011764705882353,1.0,1.0,0.13513513513513514,0.10714285714285714
HA1040-4,571,503,502,0.8809106830122592,1.01,-2.0,0.04285714285714286,0.02877697841726619
HC459-6,544,547,546,1.005514705882353,1.005,-2.0,0.07865168539325842,0.07303370786516854
HC724-5,478,398,397,0.8326359832635983,1.085,-13.0,0.3409090909090909,0.2396694214876033
HE377-4,562,476,475,0.8469750889679716,1.015,-2.0,0.10897435897435898,0.08441558441558442
HE469-5,559,478,477,0.855098389982111,0.99,2.0,0.09803921568627451,0.07741935483870968
HF71-3,562,482,481,0.8576512455516014,1.0,0.0,0.03184713375796178,0.03184713375796178
HL369-6,361,160,159,0.44321329639889195,1.01,-2.0,0.15,0.10256410256410256
HM214-2-9,559,479,478,0.8568872987477638,1.0,-1.0,0.08860759493670886,0.08280254777070063
HM69-4,553,471,470,0.8517179023508138,1.005,0.0,0.07051282051282051,0.05161290322580645
HS15-11,361,230,229,0.6371191135734072,1.465,-40.0,0.44776119402985076,0.26666666666666666
HS160-4,457,460,459,1.0065645514223194,1.01,0.0,0.0979020979020979,0.08450704225352113
HS893-8,559,562,561,1.0053667262969588,1.0,-1.0,0.12021857923497267,0.11538461538461539
HV298-8,415,360,359,0.8674698795180723,1.005,0.0,0.09482758620689655,0.08695652173913043
IZ1001-1,544,458,457,0.8419117647058824,1.0,-1.0,0.08,0.08
JC858-4,547,373,372,0.6819012797074955,1.015,-3.0,0.11504424778761062,0.08108108108108109
JE021-4,556,557,556,1.0017985611510791,1.0,0.0,0.11299435028248588,0.11299435028248588
JL073-6,547,458,457,0.8372943327239488,0.985,2.0,0.08,0.07236842105263158
JM1088-1,547,495,494,0.9049360146252285,0.99,1.0,0.22085889570552147,0.21212121212121213
JS292-7,571,574,573,1.0052539404553416,1.015,-1.0,0.05405405405405406,0.038461538461538464
JS292-8,571,375,374,0.6567425569176882,1.01,-2.0,0.1,0.07627118644067797
KA474-5,478,480,479,1.00418410041841,0.99,2.0,0.0718954248366013,0.07142857142857142
KD774-4,493,373,372,0.7565922920892495,0.98,4.0,0.10833333333333334,0.06504065040650407
KF460-11,481,315,314,0.6548856548856549,1.005,-1.0,0.1262135922330097,0.11650485436893204
KF460-3,481,394,393,0.8191268191268192,0.99,3.0,0.08130081300813008,0.048
KF460-4,481,394,393,0.8191268191268192,0.995,1.0,0.06451612903225806,0.064
KF460-5,481,315,314,0.6548856548856549,0.99,1.0,0.09375,0.08247422680412371
KF460-7,481,315,314,0.6548856548856549,0.99,1.0,0.1188118811881188,0.10679611650485436
KJ1077-3,568,481,480,0.846830985915493,1.0,-1.0,0.06493506493506493,0.03225806451612903
KJ426-9,214,217,216,1.014018691588785,1.04,-5.0,0.08823529411764706,0.07692307692307693
KT573-4,412,356,355,0.8640776699029126,1.0,1.0,0.09482758620689655,0.07758620689655173
LA1012-5,457,461,460,1.0087527352297594,0.995,0.0,0.10738255033557047,0.087248322147651
LA1071-6,565,471,470,0.8336283185840708,1.0,0.0,0.08552631578947369,0.08552631578947369
LA367-4,565,567,566,1.0035398230088495,0.995,1.0,0.16111111111111112,0.15555555555555556
LA386-4,562,380,379,0.6761565836298933,0.99,1.0,0.08064516129032258,0.048
LA467-2,541,378,377,0.6987060998151571,0.99,3.0,0.05785123966942149,0.04918032786885246
LA733-3,217,218,217,1.0046082949308757,0.96,4.0,0.07142857142857142,0.0
LA825-5,553,474,473,0.8571428571428571,1.0,0.0,0.025974025974025976,0.025974025974025976
LAC959-6,559,376,375,0.6726296958855098,1.0,0.0,0.06451612903225806,0.06451612903225806
LBE649-3,448,451,450,1.0066964285714286,1.025,-2.0,0.19444444444444445,0.10638297872340426
LBE857-1,154,157,156,1.0194805194805194,0.975,2.0,0.21428571428571427,0.14285714285714285
LBM519-1,547,547,545,1.0,0.94,25.0,1.0994475138121547,1.0819672131147542
LBM519-10,547,453,451,0.8281535648994516,1.02,-3.0,0.24324324324324326,0.2
LBM659-6,406,347,346,0.854679802955665,1.015,-3.0,0.26548672566371684,0.23423423423423423
LBR602-1,211,214,213,1.014218009478673,0.98,0.0,0.04411764705882353,0.04411764705882353
LBS371-1-8,646,476,475,0.7368421052631579,1.0,1.0,0.07692307692307693,0.07051282051282051
LC161-1-4,457,459,458,1.0043763676148796,0.995,0.0,0.06622516556291391,0.06622516556291391
LC161-2-5,457,459,458,1.0043763676148796,1.0,0.0,0.087248322147651,0.087248322147651
LC47-8,541,468,467,0.8650646950092421,0.985,4.0,0.11920529801324503,0.09740259740259741
LC498-2,541,455,454,0.8410351201478743,0.965,4.0,0.2348993288590604,0.21428571428571427
LC648-1,475,479,478,1.0084210526315789,1.01,-1.0,0.09395973154362416,0.07432432432432433
LC648-2,475,400,399,0.8421052631578947,1.01,1.0,0.1171875,0.11023622047244094
LC765-2,208,211,210,1.0144230769230769,0.99,3.0,0.4444444444444444,0.40625
LCF544-2,415,351,350,0.8457831325301205,1.0,1.0,0.22608695652173913,0.20869565217391303
LCF979-1,559,296,295,0.5295169946332737,1.005,-1.0,0.05263157894736842,0.0425531914893617
LE679-8,415,371,370,0.8939759036144578,1.015,-2.0,0.3524590163934426,0.31666666666666665
LEG557-3,412,350,349,0.8495145631067961,1.07,-7.0,0.30434782608695654,0.24299065420560748
LFA766-1,202,206,205,1.0198019801980198,1.0,0.0,0.05970149253731343,0.05970149253731343
LG168-3,559,478,477,0.855098389982111,0.995,1.0,0.0728476821192053,0.07236842105263158
LGA21-6,409,374,373,0.9144254278728606,0.995,0.0,0.04918032786885246,0.040983606557377046
LGA881-1-2,208,212,211,1.0192307692307692,1.01,-2.0,0.11940298507462686,0.09090909090909091
LGA881-2-5,367,371,370,1.0108991825613078,1.015,-2.0,0.11864406779661017,0.09401709401709402
LH1169-8,550,479,478,0.8709090909090909,1.0,-1.0,0.05732484076433121,0.05732484076433121
LHV745-7,559,474,473,0.8479427549194991,1.005,0.0,0.11258278145695365,0.08666666666666667
LK523-2,205,208,207,1.0146341463414634,0.975,2.0,0.15151515151515152,0.14925373134328357
LK584-2,556,558,557,1.0035971223021583,1.04,0.0,0.7944444444444444,0.7183908045977011
LK584-3,556,558,557,1.0035971223021583,1.005,0.0,0.23076923076923078,0.2265193370165746
LL1196-5,568,397,396,0.698943661971831,0.97,0.0,1.0,0.9534883720930233
LL854-1,451,453,452,1.0044345898004434,0.99,2.0,0.10810810810810811,0.0945945945945946
LLA399-2,421,421,420,1.0,0.995,1.0,0.1323529411764706,0.11678832116788321
LLN757-6,547,357,356,0.6526508226691042,0.995,-2.0,0.4224137931034483,0.41379310344827586
LLN873-1,550,552,551,1.0036363636363637,0.985,2.0,0.15168539325842698,0.12290502793296089
LM184-3,415,418,417,1.0072289156626506,1.0,0.0,0.07352941176470588,0.07352941176470588
LM184-4,415,418,417,1.0072289156626506,1.05,-5.0,0.6029411764705882,0.5692307692307692
LM335-7,553,479,478,0.8661844484629295,1.01,-2.0,0.10256410256410256,0.09740259740259741
LM844-1,217,219,218,1.0092165898617511,1.03,-2.0,0.14285714285714285,0.08823529411764706
LM985-4,211,213,212,1.009478672985782,0.95,4.0,0.2,0.13636363636363635
LMMG218-1-10,556,476,475,0.8561151079136691,0.995,0.0,0.4358974358974359,0.40384615384615385
LN233-3,421,225,224,0.5344418052256532,0.95,4.0,0.2191780821917808,0.15584415584415584
LNA592-8,547,465,464,0.850091407678245,0.99,5.0,0.11842105263157894,0.08441558441558442
LNA592-9,547,549,548,1.0036563071297988,0.99,3.0,0.125,0.11864406779661017
LP181-1,361,365,364,1.0110803324099722,0.995,1.0,0.1282051282051282,0.1282051282051282
LP284-3,460,299,298,0.65,1.085,-8.0,0.6907216494845361,0.38202247191011235
LS1035-1,556,281,280,0.5053956834532374,1.03,-4.0,0.5666666666666667,0.37209302325581395
LS1045-4,547,470,469,0.8592321755027422,0.98,4.0,0.10967741935483871,0.10191082802547771
LS123-3,547,550,549,1.0054844606946984,0.94,18.0,1.2067039106145252,1.169398907103825
LS359-1-7,394,395,394,1.00253807106599,1.0,1.0,0.07317073170731707,0.04918032786885246
LS366-1,208,211,210,1.0144230769230769,0.955,5.0,0.203125,0.10606060606060606
LS93-8,583,479,478,0.8216123499142367,1.01,-1.0,0.08387096774193549,0.07894736842105263
LSD500-3,568,478,477,0.8415492957746479,1.01,-2.0,0.07096774193548387,0.06493506493506493
LSD500-6,568,570,569,1.0035211267605635,0.99,4.0,0.0967741935483871,0.09090909090909091
LT1112-5,580,583,582,1.0051724137931035,1.005,-1.0,0.11518324607329843,0.09947643979057591
LT634-4,559,561,560,1.003577817531306,0.925,9.0,0.4945054945054945,0.4594594594594595
LTE064-1,562,563,561,1.001779359430605,0.995,1.0,0.08743169398907104,0.08695652173913043
LTE064-5,562,479,478,0.8523131672597865,0.995,1.0,0.0457516339869281,0.03896103896103896
LTE064-8,562,472,470,0.8398576512455516,1.0,1.0,0.10526315789473684,0.08496732026143791
LV366-6,460,462,461,1.0043478260869565,1.005,0.0,0.09090909090909091,0.0718954248366013
LV488-7,565,476,475,0.8424778761061947,0.995,2.0,0.10457516339869281,0.09090909090909091
LV613-2,469,469,468,1.0,0.95,8.0,0.5228758169934641,0.46496815286624205
LV683-2-3,559,458,457,0.8193202146690519,0.855,62.0,1.4228187919463087,1.2142857142857142
LV683-2-8,559,561,559,1.003577817531306,0.6,-80.0,6.369565217391305,1.7173913043478262
LV723-1,562,477,476,0.8487544483985765,1.0,-1.0,0.03821656050955414,0.03205128205128205
LV723-9,562,397,396,0.7064056939501779,0.975,3.0,0.11538461538461539,0.09701492537313433
LYI1079-2,208,210,209,1.0096153846153846,0.915,6.0,0.3787878787878788,0.36764705882352944
LZ865-2,205,208,207,1.0146341463414634,0.975,0.0,0.40298507462686567,0.34328358208955223
MA1007-3,202,206,205,1.0198019801980198,0.99,2.0,0.06060606060606061,0.05970149253731343
MA470-5,274,277,276,1.010948905109489,1.005,-2.0,0.0449438202247191,0.0
MA488-3,574,576,575,1.0034843205574913,1.005,-2.0,0.2727272727272727,0.26737967914438504
MA505-1,553,471,469,0.8517179023508138,0.99,1.0,0.025974025974025976,0.01935483870967742
MA505-2,553,556,554,1.0054249547920433,0.995,1.0,0.08287292817679558,0.08241758241758242
MA595-5,475,476,475,1.0021052631578948,0.995,0.0,0.08441558441558442,0.07792207792207792
MA752-1,538,456,455,0.8475836431226765,1.02,-2.0,0.15436241610738255,0.1232876712328767
MA797-4,562,399,398,0.7099644128113879,1.005,-1.0,0.05426356589147287,0.03875968992248062
MA797-7,562,479,478,0.8523131672597865,0.995,2.0,0.06976744186046512,0.06923076923076923
MA8-2,214,216,215,1.0093457943925233,1.015,-1.0,0.5217391304347826,0.5074626865671642
MA885-10,559,482,481,0.8622540250447227,0.995,2.0,0.08917197452229299,0.08227848101265822
MAS094-2,559,562,560,1.0053667262969588,0.995,1.0,0.12087912087912088,0.11538461538461539
MAS094-5,559,562,560,1.0053667262969588,1.015,-3.0,0.17777777777777778,0.15819209039548024
MAS203-4,556,558,556,1.0035971223021583,0.99,3.0,1.287292817679558,1.2802197802197801
MAS203-6,556,463,461,0.8327338129496403,0.995,2.0,0.06622516556291391,0.06622516556291391
MC373-5,487,491,490,1.0082135523613962,0.905,21.0,0.8493150684931506,0.6644736842105263
MC427-1,208,212,211,1.0192307692307692,0.99,3.0,0.07575757575757576,0.04477611940298507
MC663-7,565,497,496,0.879646017699115,1.0,1.0,0.13580246913580246,0.11728395061728394
MC710-3,289,290,289,1.0034602076124568,0.975,3.0,0.2857142857142857,0.25
MC833-6,142,145,144,1.0211267605633803,1.565,-21.0,1.1428571428571428,0.7272727272727273
MC933-2,559,375,374,0.6708407871198568,1.01,-2.0,0.09090909090909091,0.06722689075630252
MDCH869-4,541,467,466,0.8632162661737524,0.99,1.0,0.125,0.1038961038961039
ME378-4,418,356,355,0.8516746411483254,0.98,2.0,0.08695652173913043,0.06837606837606838
ME540-11,544,376,375,0.6911764705882353,0.99,2.0,0.024793388429752067,0.024390243902439025
ME540-7,544,547,546,1.005514705882353,1.005,-1.0,0.13259668508287292,0.12154696132596685
ME577-7,505,478,477,0.9465346534653465,1.0,0.0,0.05161290322580645,0.05161290322580645
ME799-5,574,473,472,0.8240418118466899,1.015,1.0,0.7870967741935484,0.7171052631578947
MF532-3,370,373,372,1.008108108108108,0.99,1.0,0.09090909090909091,0.06611570247933884
MG1147-6,562,377,376,0.6708185053380783,1.02,-2.0,0.13445378151260504,0.08620689655172414
MI820-4,550,554,553,1.0072727272727273,0.99,1.0,0.22033898305084745,0.20224719101123595
MJ402-10,559,474,473,0.8479427549194991,0.995,4.0,0.15789473684210525,0.1111111111111111
ML585-2,565,568,567,1.0053097345132744,1.0,0.0,0.05405405405405406,0.05405405405405406
ML954-3,553,468,467,0.8462929475587704,0.995,1.0,0.07947019867549669,0.06622516556291391
MM1134-3,484,486,485,1.0041322314049588,1.015,-3.0,0.16551724137931034,0.14583333333333334
MM334-5,670,395,394,0.5895522388059702,0.96,6.0,0.3770491803278688,0.3464566929133858
MM41-7,421,355,354,0.8432304038004751,1.0,-1.0,0.07894736842105263,0.043478260869565216
MM445-2-1,565,451,456,0.7982300884955752,1.005,-2.0,0.26174496644295303,0.25675675675675674
MM445-2-2,565,567,715,1.0035398230088495,1.28,-4.0,1.2849462365591398,0.2810810810810811
MM445-2-9,565,716,715,1.2672566371681415,1.295,-6.0,2.176470588235294,1.2021857923497268
MM834-5,538,375,374,0.6970260223048327,1.01,-2.0,0.1487603305785124,0.10084033613445378
MM84-8,283,285,284,1.0070671378091873,1.03,-6.0,0.09782608695652174,0.056179775280898875
MM897-7,475,479,478,1.0084210526315789,0.99,1.0,0.07142857142857142,0.06451612903225806
MM912-4,211,214,213,1.014218009478673,0.985,2.0,0.08620689655172414,0.05172413793103448
MN011-3,463,466,465,1.0064794816414686,1.0,1.0,0.16556291390728478,0.15894039735099338
MN32-6,559,395,394,0.7066189624329159,0.975,4.0,0.0546875,0.03787878787878788
MP228-5,478,379,378,0.7928870292887029,1.005,-2.0,0.09016393442622951,0.05785123966942149
MS1034-1,421,374,373,0.8883610451306413,1.0,-1.0,0.11475409836065574,0.07377049180327869
MS511-2-3,550,475,474,0.8636363636363636,1.01,-3.0,0.08387096774193549,0.05844155844155844
MS565-10,457,461,460,1.0087527352297594,1.04,-5.0,0.18666666666666668,0.15862068965517243
MS624-4,565,567,566,1.0035398230088495,0.995,1.0,0.05405405405405406,0.043010752688172046
MS624-6,565,567,566,1.0035398230088495,0.995,0.0,0.10497237569060773,0.08839779005524862
MS624-7,565,567,566,1.0035398230088495,0.995,3.0,0.09239130434782608,0.05945945945945946
MS624-8,565,567,566,1.0035398230088495,1.0,1.0,0.060109289617486336,0.0546448087431694
MT351-4,280,283,282,1.0107142857142857,0.97,5.0,0.1,0.06521739130434782
MT520-4,541,460,459,0.8502772643253235,1.02,-3.0,0.11258278145695365,0.10810810810810811
MV750-5,214,217,216,1.014018691588785,0.985,3.0,0.029411764705882353,0.028985507246376812
MV930-2,211,213,212,1.009478672985782,1.015,-4.0,0.1323529411764706,0.06060606060606061
NA834-7,544,463,462,0.8511029411764706,1.0,1.0,0.06,0.052980132450331126
NC636-4,466,376,375,0.8068669527896996,1.0,4.0,0.6974789915966386,0.6134453781512605
ND1068-3,205,208,207,1.0146341463414634,1.005,0.0,0.06153846153846154,0.046153846153846156
NE429-4,544,363,362,0.6672794117647058,1.005,-3.0,0.1206896551724138,0.06956521739130435
NK206-3,196,198,197,1.010204081632653,0.93,4.0,0.1746031746031746,0.125
OA170-11,556,296,295,0.5323741007194245,1.055,-6.0,0.19791666666666666,0.1111111111111111
OA333-6,565,569,568,1.0070796460176992,0.985,3.0,0.4945054945054945,0.46994535519125685
OC110-5,352,353,352,1.0028409090909092,1.115,-3.0,1.7946428571428572,1.4
OF387-2,559,381,380,0.6815742397137746,0.995,0.0,0.03225806451612903,0.032
OF960-2,556,377,376,0.6780575539568345,0.995,0.0,0.0967741935483871,0.08064516129032258
OJ319-10,463,467,466,1.0086393088552916,1.6,-53.0,2.4701986754966887,1.9042553191489362
OJ319-2,463,467,466,1.0086393088552916,0.985,0.0,0.4473684210526316,0.3815789473684211
OJ319-3,463,467,466,1.0086393088552916,0.965,6.0,0.26,0.23026315789473684
OJ319-5,463,467,466,1.0086393088552916,0.995,1.0,0.34868421052631576,0.3355263157894737
OJ319-6,463,467,466,1.0086393088552916,0.97,3.0,0.3092105263157895,0.28104575163398693
OJ319-7,463,467,466,1.0086393088552916,0.8,80.0,1.781456953642384,1.5161290322580645
OJ319-8,463,467,466,1.0086393088552916,1.005,0.0,0.3026315789473684,0.2631578947368421
OJ319-9,463,467,466,1.0086393088552916,1.0,-1.0,0.3815789473684211,0.3684210526315789
OP517-1,562,478,477,0.8505338078291815,1.0,3.0,0.12258064516129032,0.0967741935483871
PA1217-8,559,476,475,0.851520572450805,1.0,0.0,0.09554140127388536,0.09554140127388536
PA145-1,472,474,473,1.0042372881355932,1.0,-1.0,0.10457516339869281,0.10457516339869281
PA145-2,472,474,473,1.0042372881355932,1.005,-1.0,0.11612903225806452,0.09740259740259741
PA214-5,562,477,476,0.8487544483985765,1.005,0.0,0.14093959731543623,0.0945945945945946
PA276-3,415,210,209,0.5060240963855421,1.015,-1.0,0.057971014492753624,0.04411764705882353
PA289-8,562,480,479,0.8540925266903915,1.015,-2.0,0.1597222222222222,0.1276595744680851
PA337-4,277,281,280,1.0144404332129964,0.975,4.0,0.16666666666666666,0.13186813186813187
PA731-2-3,553,376,375,0.6799276672694394,0.965,4.0,0.08196721311475409,0.07142857142857142
PA745-3,553,464,463,0.8390596745027125,0.99,1.0,0.0457516339869281,0.045454545454545456
PAS742-3,415,370,369,0.891566265060241,1.0,1.0,0.09917355371900827,0.08196721311475409
PC55-2,559,475,474,0.8497316636851521,0.995,2.0,0.11038961038961038,0.09032258064516129
PC758-2,208,210,209,1.0096153846153846,1.115,-22.0,0.2978723404255319,0.17073170731707318
PC809-7,559,378,377,0.6762075134168157,0.995,1.0,0.5166666666666667,0.5166666666666667
PD496-6,556,479,478,0.8615107913669064,0.995,0.0,0.050955414012738856,0.044585987261146494
PE081-5,565,569,568,1.0070796460176992,1.01,-3.0,0.0967741935483871,0.07567567567567568
PE256-2,535,537,536,1.0037383177570094,1.0,2.0,0.06857142857142857,0.05714285714285714
PE256-5,535,464,463,0.8672897196261682,0.995,1.0,0.07236842105263158,0.0718954248366013
PE724-1,211,215,214,1.018957345971564,1.0,0.0,0.1791044776119403,0.1791044776119403
PE83-6,568,571,570,1.005281690140845,1.01,0.0,0.9572192513368984,0.9243243243243243
PE863-4,559,713,712,1.2754919499105546,1.01,-2.0,0.15730337078651685,0.15254237288135594
PE863-9,559,713,712,1.2754919499105546,0.995,1.0,0.11834319526627218,0.10588235294117647
PG209-3,412,415,414,1.0072815533980584,1.0,1.0,0.1259259259259259,0.11029411764705882
PH394-2,565,569,568,1.0070796460176992,1.005,1.0,0.32972972972972975,0.30434782608695654
PH664-7,352,354,353,1.0056818181818181,1.005,-1.0,0.11206896551724138,0.09482758620689655
PH783-3,562,565,564,1.0053380782918149,1.02,-1.0,0.391304347826087,0.27071823204419887
PI1027-1,553,456,455,0.8245931283905967,1.0,0.0,0.08904109589041095,0.08904109589041095
PJ533-8,145,147,146,1.013793103448276,1.015,0.0,0.14634146341463414,0.125
PL974-9,550,476,475,0.8654545454545455,1.0,1.0,0.03205128205128205,0.01935483870967742
PM273-6,553,481,480,0.8698010849909584,1.005,-1.0,0.22435897435897437,0.21794871794871795
PMDPI029-1-1,559,561,560,1.003577817531306,0.995,0.0,0.11351351351351352,0.08648648648648649
PMDPI029-1-10,559,561,560,1.003577817531306,0.99,3.0,0.17204301075268819,0.15053763440860216
PMDPI029-1-11,559,561,560,1.003577817531306,1.0,0.0,0.01092896174863388,0.01092896174863388
PMDPI029-1-2,559,561,560,1.003577817531306,1.01,-4.0,0.08196721311475409,0.055248618784530384
PMDPI029-1-3,559,561,560,1.003577817531306,1.0,-1.0,0.05945945945945946,0.04891304347826087
PMDPI029-1-5,559,561,560,1.003577817531306,0.985,3.0,0.05405405405405406,0.04838709677419355
PMDPI029-1-6,559,561,560,1.003577817531306,1.005,-3.0,0.15135135135135136,0.125
PMDPI029-1-8,559,561,560,1.003577817531306,1.01,-3.0,0.35135135135135137,0.33879781420765026
PMDPI029-1-9,559,561,560,1.003577817531306,1.01,-2.0,0.5806451612903226,0.5706521739130435
PN110-11,484,419,418,0.8657024793388429,1.005,-1.0,0.075,0.058823529411764705
PN110-9,484,419,418,0.8657024793388429,1.005,0.0,0.07194244604316546,0.06521739130434782
PN636-1-6,475,300,299,0.631578947368421,0.98,1.0,0.05555555555555555,0.03260869565217391
PO13-3,421,314,313,0.7458432304038005,0.995,-1.0,0.41414141414141414,0.4
PS148-9,568,572,571,1.0070422535211268,1.025,-1.0,0.7351351351351352,0.6833333333333333
PS292-4,463,587,586,1.267818574514039,1.06,-23.0,0.3087248322147651,0.15492957746478872
PV361-2,565,567,566,1.0035398230088495,1.005,0.0,0.21081081081081082,0.20652173913043478
QA374-7,136,139,138,1.0220588235294117,0.95,2.0,0.16279069767441862,0.09302325581395349
QC211-2,547,551,550,1.0073126142595978,1.015,-4.0,0.0782122905027933,0.06779661016949153
QC211-6,547,460,459,0.8409506398537477,1.0,0.0,0.04697986577181208,0.04697986577181208
QC267-7,559,562,561,1.0053667262969588,1.045,-5.0,0.5439560439560439,0.49714285714285716
QC267-8,559,399,398,0.7137745974955277,1.135,-21.0,0.5384615384615384,0.45614035087719296
QC697-4,562,473,472,0.8416370106761566,1.005,-1.0,0.033112582781456956,0.02
QD472-3,346,349,348,1.0086705202312138,1.0,0.0,0.08928571428571429,0.08928571428571429
RA361-4,484,401,400,0.8285123966942148,1.01,-1.0,0.09375,0.07086614173228346
RA467-2,274,277,276,1.010948905109489,1.015,-2.0,0.045454545454545456,0.034482758620689655
RA580-2,547,550,549,1.0054844606946984,0.965,8.0,0.36312849162011174,0.3149171270718232
RA803-2,559,479,478,0.8568872987477638,1.005,-1.0,0.0759493670886076,0.07006369426751592
RA803-4,559,701,700,1.2540250447227193,1.22,6.0,1.1666666666666667,0.3850267379679144
RBC697-1,550,554,553,1.0072727272727273,1.025,-4.0,0.25139664804469275,0.22988505747126436
RC1103-1,556,478,477,0.8597122302158273,0.99,2.0,0.38064516129032255,0.3782051282051282
RC54-4,562,296,295,0.5266903914590747,0.99,1.0,0.07368421052631578,0.06315789473684211
RC545-2-5,559,560,705,1.0017889087656529,1.21,9.0,1.46448087431694,0.3172043010752688
RC545-2-8,559,706,705,1.262969588550984,1.27,3.0,2.375,1.1467391304347827
RC545-2-9,559,706,705,1.262969588550984,1.265,1.0,1.5108695652173914,0.19021739130434784
RC755-1,538,477,476,0.8866171003717472,0.995,0.0,0.08333333333333333,0.07643312101910828
RC755-3,538,477,476,0.8866171003717472,0.995,0.0,0.05128205128205128,0.044585987261146494
RC755-4,538,477,476,0.8866171003717472,1.0,0.0,0.07051282051282051,0.07051282051282051
RC755-6,538,477,476,0.8866171003717472,0.995,1.0,0.0641025641025641,0.057692307692307696
RC755-7,538,477,476,0.8866171003717472,1.0,-1.0,0.07692307692307693,0.07096774193548387
RC755-9,538,477,476,0.8866171003717472,0.995,3.0,0.08333333333333333,0.07006369426751592
RC812-3,553,367,366,0.6636528028933092,0.985,2.0,0.13445378151260504,0.09836065573770492
RD1142-2,283,285,284,1.0070671378091873,0.93,10.0,0.14444444444444443,0.10752688172043011
RD167-7,277,281,280,1.0144404332129964,0.995,2.0,0.056818181818181816,0.03409090909090909
RE260-6,556,558,557,1.0035971223021583,0.995,2.0,0.09836065573770492,0.09239130434782608
RE828-1,460,462,461,1.0043478260869565,1.0,0.0,0.08609271523178808,0.08609271523178808
RG434-11,556,465,463,0.8363309352517986,1.0,-1.0,0.1118421052631579,0.09210526315789473
RG434-_10,556,559,557,1.0053956834532374,0.97,5.0,0.125,0.0918918918918919
RG864-1,355,357,356,1.0056338028169014,1.01,-1.0,0.06837606837606838,0.0603448275862069
RG944-2,568,377,376,0.6637323943661971,0.98,4.0,0.13114754098360656,0.10483870967741936
RI273-6,547,472,471,0.8628884826325411,1.01,-2.0,0.36363636363636365,0.3355263157894737
RI382-2,562,468,467,0.8327402135231317,1.0,-1.0,0.0718954248366013,0.058823529411764705
RK787-3,208,212,211,1.0192307692307692,1.01,-2.0,0.045454545454545456,0.015151515151515152
RL461-4,424,427,426,1.0070754716981132,1.0,-1.0,0.13043478260869565,0.12318840579710146
RL747-8,556,377,376,0.6780575539568345,1.015,-2.0,0.7863247863247863,0.7543859649122807
RL948-2,373,312,311,0.8364611260053619,1.0,0.0,0.3829787234042553,0.3829787234042553
RLFS800-2,556,560,559,1.0071942446043165,1.01,-1.0,0.11602209944751381,0.1005586592178771
RM126-1,553,556,555,1.0054249547920433,0.99,4.0,0.1111111111111111,0.0989010989010989
RM126-10,553,702,701,1.2694394213381555,0.95,11.0,0.16292134831460675,0.14835164835164835
RM126-11,553,473,472,0.8553345388788427,1.0,0.0,0.045454545454545456,0.045454545454545456
RM126-2,553,556,555,1.0054249547920433,1.0,-1.0,0.06043956043956044,0.055248618784530384
RM126-4,553,556,555,1.0054249547920433,0.995,2.0,0.32044198895027626,0.3131868131868132
RM126-5,553,556,555,1.0054249547920433,1.58,-30.0,2.172222222222222,1.236842105263158
RM126-6,553,592,591,1.0705244122965643,1.26,0.0,1.5139664804469273,0.1118421052631579
RM126-7,553,556,555,1.0054249547920433,1.005,-2.0,0.08839779005524862,0.06666666666666667
RM126-8,553,556,555,1.0054249547920433,1.015,-3.0,0.14285714285714285,0.12777777777777777
RM126-9,553,556,555,1.0054249547920433,1.0,-1.0,0.25555555555555554,0.2388888888888889
RM184-1,559,563,562,1.0071556350626119,1.0,-2.0,0.6187845303867403,0.6022099447513812
RM29-5,289,291,290,1.0069204152249136,1.02,0.0,0.13186813186813187,0.07865168539325842
RM549-1,376,379,378,1.0079787234042554,1.01,-1.0,0.10743801652892562,0.08333333333333333
RM855-3,553,555,554,1.003616636528029,1.01,-2.0,0.0916030534351145,0.08461538461538462
RMN410-3,550,480,479,0.8727272727272727,0.985,2.0,0.11612903225806452,0.08227848101265822
RO793-2,484,396,395,0.8181818181818182,1.0,-1.0,0.1171875,0.109375
RS362-4,421,284,283,0.6745843230403801,1.015,-2.0,0.0967741935483871,0.06593406593406594
RS363-7,559,559,558,1.0,1.0,0.0,0.049723756906077346,0.049723756906077346
RS781-7,658,397,396,0.6033434650455927,0.995,0.0,0.023255813953488372,0.015384615384615385
RV146N2-6,262,266,265,1.015267175572519,0.93,7.0,0.6823529411764706,0.6551724137931034
RV454-6,556,475,474,0.85431654676259,1.08,-12.0,0.4645161290322581,0.3706293706293706
RV754-4,466,468,467,1.0042918454935623,1.01,-3.0,0.19078947368421054,0.17333333333333334
SA288-6,553,465,464,0.840867992766727,1.01,-2.0,0.12582781456953643,0.11409395973154363
SC700-1,364,367,366,1.0082417582417582,1.0,0.0,0.058823529411764705,0.058823529411764705
SC818-2,208,210,209,1.0096153846153846,0.99,0.0,0.14925373134328357,0.1044776119402985
SDSA208-4,538,459,458,0.8531598513011153,0.99,2.0,0.12582781456953643,0.1111111111111111
SE040-4,277,279,278,1.0072202166064983,0.97,5.0,0.05952380952380952,0.047058823529411764
SHE580-7,415,353,352,0.8506024096385543,1.0,-1.0,0.1206896551724138,0.08695652173913043
SK902-6,559,378,377,0.6762075134168157,1.01,1.0,0.36065573770491804,0.30833333333333335
SL313-11,643,472,471,0.7340590979782271,0.995,0.0,0.11038961038961038,0.07741935483870968
SLM044-1-1,559,468,467,0.8372093023255814,0.99,2.0,0.3333333333333333,0.3096774193548387
SM307-1-12,565,568,567,1.0053097345132744,1.045,-22.0,0.6193181818181818,0.591715976331361
SM307-1-9,565,475,474,0.8407079646017699,0.965,3.0,0.7894736842105263,0.6772151898734177
SM686-7,361,305,304,0.8448753462603878,1.0,0.0,0.09090909090909091,0.09090909090909091
SN586-8,397,400,399,1.0075566750629723,1.01,-2.0,0.08527131782945736,0.06976744186046512
SS527-8,556,474,473,0.8525179856115108,0.945,6.0,0.3355263157894737,0.2981366459627329
SS684-8,550,382,381,0.6945454545454546,1.0,0.0,0.088,0.088
SS722-8,553,379,378,0.6853526220614828,1.0,1.0,0.08130081300813008,0.07317073170731707
ST586-7,553,556,555,1.0054249547920433,0.985,2.0,0.4143646408839779,0.4065934065934066
TA12-1,205,209,208,1.0195121951219512,0.885,12.0,0.5373134328358209,0.5072463768115942
TA239-2,556,559,558,1.0053956834532374,0.995,1.0,0.10497237569060773,0.09340659340659341
TA656-2,469,471,470,1.004264392324094,1.03,-6.0,0.47058823529411764,0.38513513513513514
TA757-4,475,405,404,0.8526315789473684,1.0,0.0,0.11023622047244094,0.11023622047244094
TA757-9,475,405,404,0.8526315789473684,0.985,2.0,0.10483870967741936,0.096
TAS1069-2,205,207,206,1.0097560975609756,0.92,5.0,0.3787878787878788,0.29411764705882354
TC1047-2,487,373,372,0.7659137577002053,0.975,3.0,0.10833333333333334,0.0975609756097561
TH481-5,553,473,472,0.8553345388788427,1.05,-10.0,0.15483870967741936,0.10204081632653061
TJ297-4,418,361,360,0.8636363636363636,1.005,-2.0,0.17094017094017094,0.15517241379310345
TJ899-2,547,472,471,0.8628884826325411,0.99,3.0,0.1513157894736842,0.12987012987012986
TK319-10,565,375,374,0.6637168141592921,1.01,-1.0,0.12605042016806722,0.0847457627118644
TL179-5,421,361,360,0.8574821852731591,1.0,0.0,0.10434782608695652,0.10434782608695652
TL475-7,418,284,283,0.6794258373205742,1.005,0.0,0.13043478260869565,0.054945054945054944
TM272-9,247,250,249,1.0121457489878543,1.015,-2.0,0.05063291139240506,0.02564102564102564
TM294-2,550,381,380,0.6927272727272727,1.0,1.0,0.06504065040650407,0.056910569105691054
TM312-2,559,561,560,1.003577817531306,0.99,3.0,0.6684782608695652,0.654054054054054
TM312-6,559,383,382,0.6851520572450805,1.02,-4.0,0.08064516129032258,0.06611570247933884
TM428-3,214,216,215,1.0093457943925233,0.96,5.0,0.15714285714285714,0.14084507042253522
TM981-1,553,555,554,1.003616636528029,1.005,-1.0,0.3423913043478261,0.3333333333333333
TN611-7,412,357,356,0.866504854368932,1.02,-1.0,0.17094017094017094,0.11304347826086956
TN807-3,286,289,288,1.0104895104895104,1.015,-2.0,0.056179775280898875,0.022727272727272728
TN888-3,145,147,146,1.013793103448276,0.975,2.0,0.10204081632653061,0.10204081632653061
TT615-1-8,559,478,477,0.855098389982111,1.0,0.0,0.09090909090909091,0.09090909090909091
TV1166-4,472,475,474,1.00635593220339,0.995,1.0,0.09803921568627451,0.09090909090909091
TV654-4,574,576,575,1.0034843205574913,1.025,-4.0,0.9798657718120806,0.9452054794520548
VA197-2,412,355,354,0.8616504854368932,1.02,-1.0,0.2608695652173913,0.25663716814159293
VA197-5,412,355,354,0.8616504854368932,1.01,-2.0,0.24561403508771928,0.21238938053097345
VA225-6,409,412,411,1.0073349633251834,1.06,-6.0,0.8507462686567164,0.8015873015873016
VA95-1,571,574,573,1.0052539404553416,0.995,1.0,0.07936507936507936,0.07936507936507936
VC104-2,559,477,476,0.853309481216458,1.0,0.0,0.09032258064516129,0.09032258064516129
VC581-1,454,458,457,1.0088105726872247,0.97,3.0,0.08666666666666667,0.06622516556291391
VC581-10,454,458,457,1.0088105726872247,1.005,0.0,0.11409395973154363,0.087248322147651
VC581-11,454,458,457,1.0088105726872247,1.0,3.0,0.14189189189189189,0.087248322147651
VC581-12,454,458,457,1.0088105726872247,0.995,1.0,0.1342281879194631,0.1342281879194631
VC581-2,454,458,457,1.0088105726872247,0.975,5.0,0.11409395973154363,0.06622516556291391
VC581-3,454,458,457,1.0088105726872247,0.995,3.0,0.07333333333333333,0.046357615894039736
VC581-5,454,458,457,1.0088105726872247,0.975,5.0,0.11409395973154363,0.09933774834437085
VC581-6,454,458,457,1.0088105726872247,1.015,-4.0,0.13793103448275862,0.11188811188811189
VC581-7,454,458,457,1.0088105726872247,0.99,1.0,0.047619047619047616,0.04054054054054054
VC789-3,358,361,360,1.0083798882681565,0.98,3.0,0.1282051282051282,0.11864406779661017
VF269-7,553,555,554,1.003616636528029,1.005,-2.0,0.09392265193370165,0.07734806629834254
VH99-3,472,474,473,1.0042372881355932,0.99,1.0,0.0958904109589041,0.08843537414965986
VM195-5,415,418,417,1.0072289156626506,0.985,1.0,0.17037037037037037,0.16296296296296298
VM195-6,415,354,353,0.8530120481927711,1.01,-2.0,0.06896551724137931,0.034782608695652174
VM569-7,568,296,295,0.5211267605633803,1.0,0.0,0.022988505747126436,0.022988505747126436
VM570-4,550,467,466,0.8490909090909091,1.0,0.0,0.19078947368421054,0.19078947368421054
VM570-8,550,554,553,1.0072727272727273,0.975,7.0,0.4388888888888889,0.41208791208791207
VN484-1,652,476,475,0.7300613496932515,1.015,0.0,0.12258064516129032,0.09210526315789473
VS321-6,463,465,464,1.0043196544276458,1.0,0.0,0.09333333333333334,0.09333333333333334
VS321-7,463,465,464,1.0043196544276458,1.0,1.0,0.0728476821192053,0.06622516556291391
VS510-2,565,378,377,0.6690265486725664,1.03,-6.0,0.0975609756097561,0.06722689075630252
VS510-7,565,568,567,1.0053097345132744,0.995,1.0,0.06989247311827956,0.06989247311827956
WA402-7,559,378,377,0.6762075134168157,1.01,-1.0,0.1,0.08403361344537816
WM472-8,553,477,476,0.8625678119349005,0.99,3.0,0.16883116883116883,0.14102564102564102
WS1048-4,430,432,431,1.0046511627906978,0.99,3.0,0.38571428571428573,0.36879432624113473
WS531-4,433,434,433,1.002309468822171,1.005,-1.0,0.05714285714285714,0.04316546762589928
ZS435-5,556,466,464,0.8381294964028777,0.99,1.0,0.06578947368421052,0.0457516339869281
ZS435-6,556,560,558,1.0071942446043165,1.005,-2.0,0.0989010989010989,0.09340659340659341
