video,images,time_rows,ann_last,file_signature,slope_implied,slope_fit,offset_fit,cost_identity,cost_fit
AA83-7,283,287,286,False,1.0141342756183747,1.11,-13.0,0.6236559139784946,0.4470588235294118
AAL839-6,556,704,703,True,1.2661870503597121,1.21,9.0,1.2541436464088398,0.44324324324324327
AB028-6,289,293,292,False,1.013840830449827,0.94,7.0,0.29347826086956524,0.2553191489361702
AB91-1,556,399,398,False,0.7176258992805755,1.0,0.0,0.2558139534883721,0.2558139534883721
AC264-1,343,226,225,False,0.6588921282798834,1.07,-6.0,0.5540540540540541,0.4057971014492754
ADM715-1-2,445,368,367,False,0.8269662921348314,0.99,2.0,0.21551724137931033,0.19827586206896552
AG274-2,562,563,562,False,1.001779359430605,1.015,-1.0,0.46236559139784944,0.4230769230769231
AG782-6,565,708,707,True,1.2530973451327434,1.285,-6.0,1.3461538461538463,0.3707865168539326
AG782-8,565,399,398,False,0.7061946902654868,1.02,-3.0,0.2578125,0.216
AH988-4,550,482,481,False,0.8763636363636363,1.04,-8.0,0.4713375796178344,0.3708609271523179
AHS115-5,556,476,475,False,0.8561151079136691,1.015,1.0,0.7142857142857143,0.6357615894039735
AHS599-4,463,466,465,False,1.0064794816414686,0.975,3.0,0.19736842105263158,0.16993464052287582
AK383-1,457,460,459,False,1.0065645514223194,0.99,0.0,0.47297297297297297,0.44594594594594594
AL702-9,547,551,550,False,1.0073126142595978,1.055,-10.0,0.580110497237569,0.5116279069767442
AL884-2,559,706,705,True,1.262969588550984,1.31,-4.0,1.6373626373626373,0.5454545454545454
AM33-2,562,297,296,False,0.5284697508896797,1.04,-4.0,0.6185567010309279,0.5108695652173914
AM365-7,457,461,460,False,1.0087527352297594,1.005,-1.0,1.1764705882352942,1.1710526315789473
AM685-3,361,364,363,False,1.0083102493074791,0.995,-2.0,0.46788990825688076,0.44036697247706424
AM716-1,571,496,495,False,0.8686514886164624,1.01,-1.0,0.2125,0.20754716981132076
AM716-7,571,496,495,False,0.8686514886164624,1.035,-2.0,0.2625,0.18064516129032257
AM918-2-5,553,557,556,False,1.0072332730560578,0.985,2.0,0.7158469945355191,0.6830601092896175
AMT360-1-9,394,396,395,False,1.0050761421319796,1.135,53.0,3.5772357723577235,2.4356435643564356
AS1015-2,370,306,305,False,0.827027027027027,0.975,6.0,0.5263157894736842,0.5
AS556-3,559,480,479,False,0.8586762075134168,1.07,-6.0,0.4140127388535032,0.2808219178082192
AS563-1,202,204,203,False,1.00990099009901,0.925,4.0,0.25806451612903225,0.23809523809523808
AS662-2,466,278,277,False,0.5965665236051502,1.08,-9.0,0.4827586206896552,0.4125
AS71-3,202,206,205,False,1.0198019801980198,1.115,-8.0,0.417910447761194,0.36666666666666664
BA1195-9,661,375,374,False,0.56732223903177,1.02,-2.0,0.5042735042735043,0.48695652173913045
BA25-7,460,464,463,False,1.008695652173913,1.01,-1.0,0.31543624161073824,0.2972972972972973
BA258-6,436,438,437,False,1.0045871559633028,1.0,1.0,0.6666666666666666,0.6388888888888888
BA518-7,553,470,469,False,0.8499095840867993,0.975,8.0,0.6620689655172414,0.6375838926174496
BA560-1,574,576,575,False,1.0034843205574913,1.015,-2.0,0.5567567567567567,0.5409836065573771
BA560-2,574,576,575,False,1.0034843205574913,1.025,-1.0,0.5053763440860215,0.4835164835164835
BA782-2,376,378,377,False,1.0053191489361701,1.03,-5.0,0.3114754098360656,0.2605042016806723
BA958-2,361,362,361,False,1.002770083102493,1.035,-6.0,0.16101694915254236,0.13157894736842105
BC167-4,286,289,288,False,1.0104895104895104,1.02,-2.0,0.1827956989247312,0.15384615384615385
BC254-1,559,711,710,True,1.2719141323792487,1.255,0.0,1.4946236559139785,0.6236559139784946
BC254-5,559,397,396,False,0.7101967799642218,1.02,-2.0,0.5307692307692308,0.47244094488188976
BC277-10,457,575,574,True,1.2582056892778994,1.275,-4.0,1.525179856115108,0.20863309352517986
BC277-9,457,377,376,False,0.824945295404814,1.065,-10.0,0.9411764705882353,0.8482142857142857
BC396-1,472,594,593,True,1.2584745762711864,1.255,0.0,1.803921568627451,0.5844155844155844
BC396-2,472,473,472,False,1.0021186440677967,1.005,-1.0,0.1111111111111111,0.09933774834437085
BC518-6,550,471,470,False,0.8563636363636363,0.965,3.0,0.36129032258064514,0.3105590062111801
BC750-7,553,474,473,False,0.8571428571428571,1.0,-2.0,0.25161290322580643,0.21935483870967742
BC782-2,460,463,462,False,1.0065217391304349,1.01,-1.0,0.20134228187919462,0.1891891891891892
BC973-4,553,477,476,False,0.8625678119349005,0.99,3.0,0.512987012987013,0.4935897435897436
BE327-2,574,476,475,False,0.8292682926829268,0.995,2.0,0.6223776223776224,0.5833333333333334
BE340-9,469,471,470,False,1.004264392324094,0.99,1.0,0.3825503355704698,0.35570469798657717
BE413-3,418,358,357,False,0.8564593301435407,0.985,2.0,0.15254237288135594,0.13333333333333333
BE645-10,559,559,558,False,1.0,0.99,4.0,0.5082872928176796,0.48633879781420764
BE645-3,559,559,558,False,1.0,0.995,0.0,0.7967032967032966,0.7814207650273224
BE645-7,559,376,375,False,0.6726296958855098,1.01,-3.0,0.2773109243697479,0.2542372881355932
BE735-2,214,217,216,False,1.014018691588785,1.025,-3.0,0.3,0.2608695652173913
BF924-3,556,479,478,False,0.8615107913669064,0.955,23.0,0.8280254777070064,0.7421383647798742
BG201-1,556,560,559,False,1.0071942446043165,0.995,2.0,0.4918032786885246,0.47282608695652173
BG723-5,553,379,378,False,0.6853526220614828,1.015,-6.0,0.22950819672131148,0.2
BH034-4,562,379,378,False,0.6743772241992882,1.03,-5.0,0.5950413223140496,0.5726495726495726
BI104-3,271,273,272,False,1.007380073800738,1.02,-12.0,0.9302325581395349,0.7439024390243902
BI224-2,421,361,360,False,0.8574821852731591,1.0,-1.0,0.12931034482758622,0.09482758620689655
BJ3371-10,412,415,414,False,1.0072815533980584,0.995,-2.0,0.15555555555555556,0.12686567164179105
BJ3371-9,412,276,275,False,0.6699029126213593,0.99,2.0,0.1590909090909091,0.1348314606741573
BJ497-7,460,200,199,False,0.43478260869565216,1.09,-7.0,0.6271186440677966,0.42592592592592593
BK428-2,358,361,360,False,1.0083798882681565,1.04,-7.0,0.21367521367521367,0.13274336283185842
BL042-8,562,477,476,False,0.8487544483985765,0.895,12.0,0.8846153846153846,0.6994219653179191
BL285-1-3,565,594,593,True,1.0513274336283185,1.25,0.0,1.3010752688172043,0.14102564102564102
BL366-6,559,476,475,False,0.851520572450805,1.01,-2.0,0.2838709677419355,0.27450980392156865
BL418-7,565,569,568,False,1.0070796460176992,0.975,3.0,0.4810810810810811,0.45698924731182794
BL526-1,655,379,378,False,0.5786259541984733,1.035,-4.0,0.17886178861788618,0.09243697478991597
BL526-4,655,658,656,False,1.0045801526717557,0.705,56.0,1.087962962962963,0.8812785388127854
BL526-5,655,462,460,False,0.7053435114503817,0.995,1.0,0.3197278911564626,0.3108108108108108
BM007-9,559,394,393,False,0.7048300536672629,1.07,-4.0,0.5634920634920635,0.5
BM016-2,556,559,557,False,1.0053956834532374,0.95,9.0,0.3879781420765027,0.3655913978494624
BM016-5,556,559,557,False,1.0053956834532374,1.005,0.0,1.0502793296089385,1.0449438202247192
BM076-4,553,477,476,False,0.8625678119349005,1.01,-1.0,0.16666666666666666,0.16233766233766234
BM201-1,568,395,394,False,0.6954225352112676,1.01,-2.0,0.18110236220472442,0.16
BM209-8,277,279,278,False,1.0072202166064983,0.995,1.0,0.13793103448275862,0.13793103448275862
BM352-6,565,379,378,False,0.6707964601769911,1.0,0.0,0.3008130081300813,0.3008130081300813
BM414-3,412,360,359,False,0.8737864077669902,0.995,-3.0,0.3076923076923077,0.2796610169491525
BM655-10,577,578,577,False,1.001733102253033,1.035,-2.0,1.2222222222222223,1.2032967032967032
BM968-3,361,313,312,False,0.8670360110803325,1.205,-59.0,0.78125,0.65
BM984-2,217,220,219,False,1.0138248847926268,1.01,-1.0,0.34285714285714286,0.3
BMH857-2,454,389,388,False,0.8568281938325991,0.995,2.0,0.2222222222222222,0.19047619047619047
BMS288-1,283,286,285,False,1.010600706713781,1.19,-19.0,0.8390804597701149,0.7534246575342466
BMS819-7,568,499,498,False,0.8785211267605634,0.995,3.0,0.35802469135802467,0.34355828220858897
BN356-3,421,360,359,False,0.8551068883610451,1.01,0.0,0.5689655172413793,0.5565217391304348
BN356-6,421,425,424,False,1.009501187648456,1.02,-3.0,0.4892086330935252,0.45985401459854014
BO613-7,562,478,477,False,0.8505338078291815,0.98,4.0,0.432258064516129,0.43037974683544306
BR953-7,562,470,469,False,0.8362989323843416,1.005,-1.0,0.08387096774193549,0.07142857142857142
BS1033-2,556,378,377,False,0.6798561151079137,1.07,-9.0,0.34959349593495936,0.22608695652173913
BS1086-1,568,496,495,False,0.8732394366197183,1.035,-4.0,0.35625,0.27741935483870966
BS294-7,199,203,202,False,1.020100502512563,0.99,1.0,0.09090909090909091,0.09090909090909091
BS495-9,559,478,477,False,0.855098389982111,1.02,-2.0,0.21428571428571427,0.19205298013245034
BS544-1,280,283,282,False,1.0107142857142857,0.99,1.0,0.0898876404494382,0.08888888888888889
BS596-5,208,210,209,False,1.0096153846153846,1.005,-2.0,0.12121212121212122,0.045454545454545456
BS648-2-4,514,518,516,False,1.0077821011673151,1.005,-2.0,0.7058823529411765,0.6804733727810651
BS648-7,514,366,365,False,0.7120622568093385,0.855,6.0,0.6470588235294118,0.37681159420289856
BS777-8,754,501,500,False,0.6644562334217506,1.01,0.0,1.0121951219512195,0.9938271604938271
BS836-11,544,458,457,False,0.8419117647058824,0.995,4.0,0.4429530201342282,0.3825503355704698
BS918-6,562,564,563,False,1.00355871886121,0.995,1.0,0.41847826086956524,0.4076086956521739
BV646-6,154,156,155,False,1.0129870129870129,1.05,-3.0,0.7,0.631578947368421
BY829-1,451,572,571,True,1.2682926829268293,1.28,-1.0,1.5771812080536913,0.11564625850340136
BY829-3,451,376,375,False,0.8337028824833703,0.985,4.0,0.5483870967741935,0.5158730158730159
CA364-7,550,378,377,False,0.6872727272727273,1.05,-6.0,0.2184873949579832,0.10619469026548672
CAV074-1,556,557,556,False,1.0017985611510791,0.97,4.0,0.4887640449438202,0.4581005586592179
CAV074-3,556,557,556,False,1.0017985611510791,1.01,-3.0,0.6408839779005525,0.6201117318435754
CAV074-4,556,464,462,False,0.8345323741007195,0.995,-1.0,0.40268456375838924,0.37333333333333335
CAV074-5,556,557,555,False,1.0017985611510791,0.995,0.0,0.37158469945355194,0.358695652173913
CAV074-6,556,557,556,False,1.0017985611510791,0.99,1.0,0.6923076923076923,0.6813186813186813
CAV074-8,556,557,556,False,1.0017985611510791,1.005,-3.0,0.6338797814207651,0.6043956043956044
CAV074-9,556,557,556,False,1.0017985611510791,1.6,27.0,2.7752808988764044,1.4636363636363636
CC007-2,559,480,479,False,0.8586762075134168,1.01,-1.0,0.17307692307692307,0.16129032258064516
CC336-9,346,293,292,False,0.846820809248555,1.07,-6.0,0.550561797752809,0.43373493975903615
CC455-3,556,478,477,False,0.8597122302158273,1.005,-1.0,0.0915032679738562,0.08496732026143791
CC563-5,457,459,458,False,1.0043763676148796,1.0,2.0,0.14084507042253522,0.1056338028169014
CC751-4,352,354,353,False,1.0056818181818181,1.005,0.0,0.09482758620689655,0.08695652173913043
CC938-4,421,298,297,False,0.7078384798099763,1.015,-20.0,1.1443298969072164,0.8
CC966-1,562,476,475,False,0.8469750889679716,1.0,1.0,0.11764705882352941,0.1118421052631579
CE417-1,469,470,469,False,1.0021321961620469,0.995,-2.0,0.3202614379084967,0.3006535947712418
CE417-3,469,470,469,False,1.0021321961620469,0.99,2.0,0.1437908496732026,0.11038961038961038
CE417-6,469,470,469,False,1.0021321961620469,0.995,2.0,0.36363636363636365,0.3419354838709677
CE525-2,571,478,477,False,0.8371278458844134,1.0,0.0,0.12101910828025478,0.12101910828025478
CE604-1,202,206,205,False,1.0198019801980198,0.985,2.0,0.09090909090909091,0.06060606060606061
CE712-2,571,573,572,False,1.0035026269702276,1.0,0.0,0.4734042553191489,0.4734042553191489
CF946-6,352,311,310,False,0.8835227272727273,1.0,-1.0,0.19148936170212766,0.15053763440860216
CJ261-10,541,687,686,True,1.2698706099815158,1.325,-9.0,1.1929824561403508,0.6
CJ261-6,541,687,686,True,1.2698706099815158,1.34,-12.0,1.2485875706214689,0.47023809523809523
CJ528-1,457,459,458,False,1.0043763676148796,0.975,6.0,0.18120805369127516,0.13245033112582782
CK601-2,544,462,460,False,0.8492647058823529,1.025,-8.0,0.7533333333333333,0.726027397260274
CK601-4,544,546,544,False,1.0036764705882353,0.91,9.0,0.8171428571428572,0.702247191011236
CL783-2,556,471,470,False,0.8471223021582733,1.01,-6.0,0.16339869281045752,0.1390728476821192
CM010-10,550,552,550,False,1.0036363636363637,0.95,4.0,0.34065934065934067,0.2896174863387978
CM010-7,550,552,550,False,1.0036363636363637,0.985,2.0,0.3516483516483517,0.32967032967032966
CM1073-4,205,209,208,False,1.0195121951219512,1.035,-3.0,0.640625,0.6190476190476191
CM146-1,403,405,404,False,1.0049627791563276,1.045,-11.0,0.6796875,0.6016260162601627
CM627-1,550,553,551,False,1.0054545454545454,0.895,16.0,0.33516483516483514,0.22826086956521738
CM627-3,550,553,552,False,1.0054545454545454,0.985,3.0,0.4245810055865922,0.38333333333333336
CM627-8,550,553,551,False,1.0054545454545454,0.8,8.0,1.10989010989011,0.6684782608695652
CM641-1-8,562,475,474,False,0.8451957295373665,1.045,-9.0,0.27741935483870966,0.24324324324324326
CM782-8,424,427,426,False,1.0070754716981132,1.0,0.0,0.17518248175182483,0.17518248175182483
CM892-5,565,566,565,False,1.0017699115044247,1.025,-3.0,0.4207650273224044,0.3651685393258427
CN473-1,559,463,462,False,0.8282647584973166,1.015,-1.0,0.20666666666666667,0.16891891891891891
CN606-5,478,480,479,False,1.00418410041841,0.915,13.0,1.1096774193548387,1.050314465408805
CO119-8,547,470,469,False,0.8592321755027422,1.01,-1.0,0.16883116883116883,0.13815789473684212
CV306-2,550,294,293,False,0.5345454545454545,1.16,-24.0,0.5425531914893617,0.4375
DA1054-5,550,551,550,False,1.0018181818181817,0.995,0.0,0.10555555555555556,0.1
DA309-5,565,567,566,False,1.0035398230088495,1.01,-7.0,0.4945652173913043,0.46703296703296704
DA684-4,649,497,496,False,0.765793528505393,1.065,-12.0,0.5625,0.54
DA769-1,196,200,199,False,1.0204081632653061,1.54,-76.0,0.5737704918032787,0.525
DA781-4,586,381,380,False,0.6501706484641638,0.995,1.0,0.376,0.36507936507936506
DA925-6,553,475,474,False,0.8589511754068716,1.01,-1.0,0.27450980392156865,0.2565789473684211
DAS678-1,421,223,222,False,0.5296912114014252,1.14,-18.0,0.5972222222222222,0.5079365079365079
DAS706-3,547,465,464,False,0.850091407678245,1.01,-3.0,0.48344370860927155,0.42953020134228187
DC307-1,646,718,717,True,1.111455108359133,1.285,-4.0,1.528301886792453,0.2459016393442623
DC307-2,646,474,473,False,0.7337461300309598,0.955,4.0,0.5974025974025974,0.5432098765432098
DC307-7,646,649,648,False,1.0046439628482973,1.015,-2.0,0.5023474178403756,0.48095238095238096
DC932-2,202,205,204,False,1.0148514851485149,1.015,-1.0,0.046153846153846156,0.03076923076923077
DE069-10,565,567,565,False,1.0035398230088495,1.05,-5.0,0.56353591160221,0.543859649122807
DE069-2,565,567,565,False,1.0035398230088495,0.99,3.0,0.16939890710382513,0.14130434782608695
DE069-3,565,567,565,False,1.0035398230088495,1.02,0.0,0.2391304347826087,0.22777777777777777
DE069-7,565,468,466,False,0.8283185840707965,1.005,0.0,0.3223684210526316,0.2913907284768212
DE604-3,556,475,474,False,0.85431654676259,1.01,-2.0,0.33116883116883117,0.3223684210526316
DE842-3,472,475,474,False,1.00635593220339,1.02,-1.0,0.28846153846153844,0.24675324675324675
DG487-4,277,281,280,False,1.0144404332129964,0.995,1.0,0.14772727272727273,0.14772727272727273
DHDPI042-3,556,579,578,True,1.04136690647482,1.295,-1.0,2.1853932584269664,0.7902097902097902
DHDPI042-6,556,579,578,True,1.04136690647482,1.275,-3.0,1.5714285714285714,0.25675675675675674
DHDPI042-7,556,579,578,True,1.04136690647482,1.1,-11.0,2.206703910614525,1.8764705882352941
DHDPI042-8,556,579,578,True,1.04136690647482,0.6,-79.0,6.131147540983607,2.2028985507246377
DI358-3,214,216,215,False,1.0093457943925233,0.955,3.0,0.15942028985507245,0.1
DJC641-4,652,475,474,False,0.7285276073619632,1.01,1.0,0.5,0.4666666666666667
DL020-3,547,477,476,False,0.8720292504570384,0.99,2.0,0.3225806451612903,0.28662420382165604
DL266-4,202,206,205,False,1.0198019801980198,0.74,37.0,0.6779661016949152,0.6470588235294118
DL61-2,277,281,280,False,1.0144404332129964,0.975,7.0,0.25555555555555554,0.1956521739130435
DL617-6,658,299,298,False,0.45440729483282677,1.095,-9.0,0.8111111111111111,0.5487804878048781
DM1114-6,283,287,286,False,1.0141342756183747,0.945,6.0,0.4111111111111111,0.32967032967032966
DM235-3,421,301,300,False,0.7149643705463183,1.0,0.0,0.30927835051546393,0.30927835051546393
DML271-2,268,270,269,False,1.007462686567164,1.01,0.0,0.14772727272727273,0.10344827586206896
DML373-2,472,473,472,False,1.0021186440677967,0.995,1.0,0.21333333333333335,0.2119205298013245
DN340-2,544,376,375,False,0.6911764705882353,1.04,-5.0,0.4666666666666667,0.40869565217391307
DN376-8,559,469,468,False,0.8389982110912343,1.01,0.0,0.24183006535947713,0.2236842105263158
DN881-6,361,155,154,False,0.4293628808864266,0.98,1.0,0.3404255319148936,0.3404255319148936
DRL1048-1,649,479,478,False,0.7380585516178737,0.6,-80.0,6.717948717948718,2.940119760479042
DS17-2,430,431,430,False,1.0023255813953489,1.0,3.0,0.5957446808510638,0.574468085106383
DS61-1,367,324,323,False,0.8828337874659401,1.03,-3.0,0.5428571428571428,0.4803921568627451
DS666-9,562,477,476,False,0.8487544483985765,1.025,-3.0,0.3032258064516129,0.23178807947019867
DS947-2,280,282,281,False,1.0071428571428571,0.975,7.0,0.14444444444444443,0.11956521739130435
DSE41-2,496,496,495,False,1.0,1.19,-72.0,1.476510067114094,1.32
DSM138-5,571,574,573,False,1.0052539404553416,1.02,0.0,0.5806451612903226,0.5136612021857924
DT336-1,478,396,395,False,0.8284518828451883,0.95,8.0,0.46511627906976744,0.35555555555555557
DT336-2,478,481,480,False,1.006276150627615,0.995,-1.0,0.6305732484076433,0.6114649681528662
DV116-3,352,354,353,False,1.0056818181818181,0.985,3.0,0.05217391304347826,0.034482758620689655
DV305-3,346,225,224,False,0.6502890173410405,1.145,-20.0,0.515625,0.30357142857142855
DV728-6,547,475,474,False,0.8683729433272395,1.025,-2.0,0.20945945945945946,0.19444444444444445
DV728-7,547,376,375,False,0.6873857404021938,1.075,-11.0,0.25210084033613445,0.18018018018018017
DY236-4,409,276,275,False,0.6748166259168704,1.05,-7.0,0.5402298850574713,0.4939759036144578
EA32-6,412,368,367,False,0.8932038834951457,0.995,2.0,0.23728813559322035,0.226890756302521
EC234-5,373,376,375,False,1.0080428954423593,1.035,-5.0,0.175,0.15517241379310345
EE656-3,469,291,290,False,0.6204690831556503,1.125,-11.0,0.5319148936170213,0.4523809523809524
EH309-8,547,477,476,False,0.8720292504570384,1.025,-4.0,0.17419354838709677,0.15894039735099338
EH315-3,541,555,553,True,1.0258780036968578,0.625,78.0,1.7415730337078652,1.149171270718232
EH315-8,541,555,553,True,1.0258780036968578,0.61,17.0,2.432584269662921,1.276243093922652
EH512-10,142,146,145,False,1.028169014084507,0.945,3.0,0.16216216216216217,0.05405405405405406
EJ393-3,208,481,480,True,2.3125,1.6,80.0,7.46875,3.7
FA344-5,490,494,493,False,1.0081632653061225,0.97,21.0,0.6369426751592356,0.5828220858895705
FA662-6,541,459,458,False,0.8484288354898336,1.02,-4.0,0.36666666666666664,0.3401360544217687
FC048-6,364,289,288,False,0.7939560439560439,1.005,-1.0,0.24468085106382978,0.23655913978494625
FC1164-11,484,488,487,False,1.0082644628099173,1.035,-7.0,0.4025157232704403,0.34415584415584416
FD156-4,553,478,477,False,0.864376130198915,1.03,-5.0,0.27564102564102566,0.24503311258278146
FE14-020,355,363,362,True,1.0225352112676056,1.57,-54.0,0.7815126050420168,0.5584415584415584
FF717-4,547,477,476,False,0.8720292504570384,0.93,-7.0,0.967741935483871,0.7784431137724551
FH658-4,565,569,568,False,1.0070796460176992,1.005,0.0,0.20320855614973263,0.18181818181818182
FM162-6,547,549,548,False,1.0036563071297988,0.96,7.0,0.4318181818181818,0.4157303370786517
FM864-7,271,275,274,False,1.014760147601476,1.245,-18.0,0.9886363636363636,0.4225352112676056
FN852-1,646,458,457,False,0.7089783281733746,0.995,1.0,0.4594594594594595,0.44966442953020136
FS987-5,154,156,155,False,1.0129870129870129,1.045,-2.0,0.5208333333333334,0.4782608695652174
FV709-11,367,243,242,False,0.662125340599455,1.23,-42.0,0.7428571428571429,0.6607142857142857
GA1087-6,556,495,494,False,0.8902877697841727,1.025,-1.0,0.5506329113924051,0.474025974025974
GA122-8,568,398,397,False,0.7007042253521126,1.15,-15.0,0.937984496124031,0.6964285714285714
GA365-1,145,147,146,False,1.013793103448276,0.965,1.0,0.15384615384615385,0.1282051282051282
GA425-1,559,476,475,False,0.851520572450805,0.99,0.0,0.46794871794871795,0.4267515923566879
GA664-1,577,739,738,True,1.2807625649913346,1.27,-1.0,1.4414893617021276,0.32275132275132273
GA664-3,577,473,472,False,0.8197573656845754,1.01,-2.0,1.032258064516129,1.026143790849673
GA664-4,577,739,738,True,1.2807625649913346,1.29,-4.0,1.4598930481283423,0.43548387096774194
GA664-8,577,739,738,True,1.2807625649913346,1.25,-1.0,1.3191489361702127,0.4148936170212766
GA703-2-7,457,354,353,False,0.774617067833698,1.0,0.0,0.14655172413793102,0.14655172413793102
GA800-4,469,473,472,False,1.0085287846481876,1.01,-1.0,0.40268456375838924,0.3918918918918919
GA817-1-8,478,388,387,False,0.8117154811715481,1.005,-2.0,0.4523809523809524,0.44
GA911-3,211,213,212,False,1.009478672985782,1.21,-21.0,0.4117647058823529,0.21428571428571427
GA982-7,466,469,468,False,1.0064377682403434,1.0,1.0,0.2077922077922078,0.19480519480519481
GC340-1,553,584,583,True,1.0560578661844484,1.24,-2.0,1.1092896174863387,0.19230769230769232
GC340-10,553,694,693,True,1.2549728752260398,1.125,1.0,0.8681318681318682,0.6010928961748634
GC340-3,553,694,693,True,1.2549728752260398,1.285,-8.0,1.5245901639344261,0.6910112359550562
GC381-10,562,498,497,False,0.8861209964412812,0.965,7.0,0.6625,0.6287425149700598
GC658-3,544,547,545,False,1.005514705882353,0.995,1.0,0.9553072625698324,0.9553072625698324
GC658-9,544,457,455,False,0.8400735294117647,1.0,-2.0,0.16,0.13333333333333333
GC702-6,457,460,459,False,1.0065645514223194,0.95,7.0,0.8874172185430463,0.8355263157894737
GC836-1,469,473,472,False,1.0085287846481876,0.96,4.0,0.33783783783783783,0.30201342281879195
GC836-4,469,473,472,False,1.0085287846481876,0.98,2.0,0.6381578947368421,0.6381578947368421
GC851-5,355,357,356,False,1.0056338028169014,1.02,0.0,0.7863247863247863,0.7391304347826086
GD391-8,559,561,560,False,1.003577817531306,0.98,6.0,0.266304347826087,0.23655913978494625
GD391-9,559,477,476,False,0.853309481216458,1.005,-3.0,0.36774193548387096,0.34415584415584416
GE218-3,1138,579,578,False,0.5087873462214412,1.005,0.0,0.526595744680851,0.49732620320855614
GE294-4,406,409,408,False,1.0073891625615763,1.005,-2.0,0.38345864661654133,0.3533834586466165
GE663-5,472,475,474,False,1.00635593220339,1.01,-2.0,0.20915032679738563,0.19736842105263158
GE843-2,211,214,213,False,1.014218009478673,1.02,-2.0,0.14492753623188406,0.11764705882352941
GF083-5,262,265,264,False,1.0114503816793894,1.46,-37.0,1.9230769230769231,1.0925925925925926
GF1042-1-3,550,477,476,False,0.8672727272727273,1.0,-1.0,0.2229299363057325,0.21153846153846154
GF1042-2-6,472,474,473,False,1.0042372881355932,1.005,0.0,0.24516129032258063,0.23376623376623376
GF667-1-1,559,382,381,False,0.6833631484794276,1.085,-15.0,0.3983739837398374,0.3274336283185841
GF667-2-6,547,376,375,False,0.6873857404021938,1.055,-7.0,0.18032786885245902,0.09482758620689655
GF976-4,418,375,374,False,0.8971291866028708,1.0,1.0,0.15447154471544716,0.14516129032258066
GG677-5,658,498,497,False,0.756838905775076,1.02,-2.0,0.2546583850931677,0.2229299363057325
GJ165-5,541,375,374,False,0.6931608133086876,1.03,-8.0,0.6260162601626016,0.5630252100840336
GJ191-1,556,558,557,False,1.0035971223021583,0.985,3.0,0.23333333333333334,0.2154696132596685
GJ285-1,367,369,368,False,1.005449591280654,1.185,-13.0,1.0661157024793388,0.7549019607843137
GJ316-1,565,482,481,False,0.8530973451327434,0.99,0.0,0.25316455696202533,0.20754716981132076
GM213-2,193,194,193,False,1.005181347150259,1.035,-3.0,0.3728813559322034,0.3157894736842105
GM293-2,568,572,571,False,1.0070422535211268,1.015,-3.0,0.12972972972972974,0.12568306010928962
GM293-3,568,376,375,False,0.6619718309859155,1.03,-5.0,0.225,0.1111111111111111
GM456-3,361,358,357,False,0.9916897506925207,1.27,6.0,3.652173913043478,2.857142857142857
GM537-7,556,556,555,False,1.0,1.02,-3.0,0.23863636363636365,0.23699421965317918
GM858-1-3,454,456,455,False,1.0044052863436124,1.0,1.0,0.28,0.26666666666666666
GM858-2-6,454,456,455,False,1.0044052863436124,0.96,8.0,0.3581081081081081,0.35333333333333333
GML002-7,478,480,479,False,1.00418410041841,0.99,1.0,0.3933333333333333,0.38666666666666666
GNB477-5,424,373,372,False,0.8797169811320755,0.99,-2.0,0.4049586776859504,0.36065573770491804
GRSO424-8,475,392,391,False,0.8252631578947368,0.975,1.0,0.27419354838709675,0.23622047244094488
GS205-2,544,453,451,False,0.8327205882352942,0.995,0.0,0.3972602739726027,0.3972602739726027
GS205-6,544,548,546,False,1.0073529411764706,0.795,20.0,0.9382022471910112,0.8131868131868132
GS220-2,355,359,358,False,1.0112676056338028,1.015,-1.0,0.23076923076923078,0.20869565217391303
GS334-6,547,686,685,True,1.2541133455210238,1.265,-2.0,1.7094972067039107,0.1638418079096045
GS349-4,424,428,427,False,1.009433962264151,1.0,1.0,0.43795620437956206,0.427536231884058
GS400-7,559,481,480,False,0.8604651162790697,0.995,2.0,0.38461538461538464,0.36942675159235666
GS415-5,544,465,464,False,0.8547794117647058,1.01,0.0,0.28289473684210525,0.24666666666666667
GS430-1,547,459,457,False,0.8391224862888482,0.99,1.0,0.24666666666666667,0.2236842105263158
GS430-2,547,549,547,False,1.0036563071297988,0.89,16.0,1.324022346368715,1.2142857142857142
GS430-9,547,375,374,False,0.6855575868372943,1.01,-1.0,0.1557377049180328,0.13333333333333333
GS490-2,556,559,557,False,1.0053956834532374,0.985,2.0,0.2692307692307692,0.25824175824175827
GS490-4,556,477,476,False,0.8579136690647482,0.985,5.0,0.4838709677419355,0.45569620253164556
GS490-7,556,702,701,True,1.2625899280575539,1.31,-3.0,1.9166666666666667,0.7456647398843931
GS490-_6,556,559,557,False,1.0053956834532374,0.81,75.0,1.4143646408839778,1.2648648648648648
GS611-3,565,501,500,False,0.8867256637168142,1.035,-3.0,0.294478527607362,0.28662420382165604
GS611-4,565,501,500,False,0.8867256637168142,0.99,1.0,0.22784810126582278,0.22012578616352202
GS753-8,553,466,465,False,0.8426763110307414,1.05,-18.0,0.3815789473684211,0.32413793103448274
GS811-3,562,565,564,False,1.0053380782918149,1.015,-3.0,0.26229508196721313,0.23756906077348067
GS826-2,544,548,547,False,1.0073529411764706,1.015,-2.0,0.49444444444444446,0.4438202247191011
GS955-7,565,567,566,False,1.0035398230088495,0.99,4.0,0.5466666666666666,0.5033112582781457
GS980-2,562,384,383,False,0.6832740213523132,1.015,-1.0,0.7967479674796748,0.7583333333333333
GSS052-2,448,452,451,False,1.0089285714285714,1.0,1.0,0.20408163265306123,0.19727891156462585
GSS052-6,448,452,451,False,1.0089285714285714,1.0,0.0,0.2905405405405405,0.2905405405405405
GT353-3,412,414,413,False,1.0048543689320388,1.01,4.0,0.5555555555555556,0.5149253731343284
GUDPI077-8,340,344,343,False,1.011764705882353,1.025,-3.0,0.6036036036036037,0.5596330275229358
HA1040-4,571,503,502,False,0.8809106830122592,1.02,-4.0,0.2571428571428571,0.22627737226277372
HC459-6,544,547,546,False,1.005514705882353,0.98,4.0,0.550561797752809,0.5166666666666667
HC724-5,478,398,397,False,0.8326359832635983,1.085,-13.0,0.6287878787878788,0.5371900826446281
HE377-4,562,476,475,False,0.8469750889679716,1.025,-3.0,0.14102564102564102,0.10526315789473684
HE469-5,559,478,477,False,0.855098389982111,1.005,-2.0,0.1437908496732026,0.13157894736842105
HF71-3,562,482,481,False,0.8576512455516014,1.01,-2.0,0.1337579617834395,0.10897435897435898
HL369-6,361,160,159,False,0.44321329639889195,1.005,-1.0,0.15,0.125
HM214-2-9,559,479,478,False,0.8568872987477638,0.99,0.0,0.17721518987341772,0.16981132075471697
HM69-4,553,471,470,False,0.8517179023508138,1.005,3.0,0.5833333333333334,0.5612903225806452
HS15-11,361,230,229,False,0.6371191135734072,1.035,-4.0,0.34328358208955223,0.265625
HS160-4,457,460,459,False,1.0065645514223194,1.03,-5.0,0.38461538461538464,0.3669064748201439
HS893-8,559,562,561,False,1.0053667262969588,0.91,14.0,0.6284153005464481,0.6096256684491979
HV298-8,415,360,359,False,0.8674698795180723,0.99,2.0,0.1724137931034483,0.1440677966101695
IZ1001-1,544,458,457,False,0.8419117647058824,1.01,-2.0,0.21333333333333335,0.19594594594594594
JC858-4,547,373,372,False,0.6819012797074955,1.03,-3.0,0.3274336283185841,0.23636363636363636
JE021-4,556,557,556,False,1.0017985611510791,0.915,9.0,0.6101694915254238,0.49444444444444446
JL073-6,547,458,457,False,0.8372943327239488,0.985,2.0,0.24666666666666667,0.23684210526315788
JM1088-1,547,495,494,False,0.9049360146252285,1.005,-1.0,0.6134969325153374,0.6012269938650306
JS292-7,571,574,573,False,1.0052539404553416,0.985,1.0,0.42702702702702705,0.4
JS292-8,571,375,374,False,0.6567425569176882,1.01,-2.0,0.325,0.288135593220339
KA474-5,478,480,479,False,1.00418410041841,1.04,-5.0,0.3137254901960784,0.2653061224489796
KD774-4,493,373,372,False,0.7565922920892495,0.955,6.0,0.49166666666666664,0.40476190476190477
KF460-11,481,315,314,False,0.6548856548856549,1.09,-13.0,0.8737864077669902,0.723404255319149
KF460-3,481,394,393,False,0.8191268191268192,1.05,-8.0,0.5203252032520326,0.4152542372881356
KF460-4,481,394,393,False,0.8191268191268192,1.02,-2.0,0.1693548387096774,0.1322314049586777
KF460-5,481,315,314,False,0.6548856548856549,1.075,-12.0,0.65625,0.38202247191011235
KF460-7,481,315,314,False,0.6548856548856549,0.965,3.0,0.9603960396039604,0.9047619047619048
KJ1077-3,568,481,480,False,0.846830985915493,1.025,-6.0,0.7337662337662337,0.695364238410596
KJ426-9,214,217,216,False,1.014018691588785,0.96,3.0,0.058823529411764705,0.057971014492753624
KT573-4,412,356,355,False,0.8640776699029126,1.005,0.0,0.4224137931034483,0.391304347826087
LA1012-5,457,461,460,False,1.0087527352297594,1.075,-8.0,0.5369127516778524,0.48201438848920863
LA1071-6,565,471,470,False,0.8336283185840708,1.005,0.0,0.17105263157894737,0.15894039735099338
LA367-4,565,567,566,False,1.0035398230088495,0.88,65.0,2.361111111111111,2.0952380952380953
LA386-4,562,380,379,False,0.6761565836298933,1.035,-4.0,0.3870967741935484,0.24369747899159663
LA467-2,541,378,377,False,0.6987060998151571,1.06,-8.0,0.19008264462809918,0.10526315789473684
LA733-3,217,218,217,False,1.0046082949308757,0.965,3.0,0.12857142857142856,0.056338028169014086
LA825-5,553,474,473,False,0.8571428571428571,0.99,2.0,0.08441558441558442,0.07741935483870968
LAC959-6,559,376,375,False,0.6726296958855098,1.03,-4.0,0.0967741935483871,0.058333333333333334
LBE649-3,448,451,450,False,1.0066964285714286,1.07,-7.0,1.1875,1.1176470588235294
LBE857-1,154,157,156,False,1.0194805194805194,0.975,2.0,0.2857142857142857,0.21428571428571427
LBM519-1,547,547,545,False,1.0,0.885,18.0,1.1823204419889504,1.1311475409836065
LBM519-10,547,453,451,False,0.8281535648994516,0.975,3.0,0.20945945945945946,0.16556291390728478
LBM659-6,406,347,346,False,0.854679802955665,1.035,-5.0,0.36283185840707965,0.32407407407407407
LBR602-1,211,214,213,False,1.014218009478673,1.01,-3.0,0.29411764705882354,0.2835820895522388
LBS371-1-8,646,476,475,False,0.7368421052631579,1.01,-1.0,0.32051282051282054,0.3051948051948052
LC161-1-4,457,459,458,False,1.0043763676148796,1.005,-2.0,0.17880794701986755,0.17218543046357615
LC161-2-5,457,459,458,False,1.0043763676148796,0.965,3.0,0.18791946308724833,0.18666666666666668
LC47-8,541,468,467,False,0.8650646950092421,1.015,1.0,0.24503311258278146,0.2214765100671141
LC498-2,541,455,454,False,0.8410351201478743,0.995,1.0,0.2550335570469799,0.24161073825503357
LC648-1,475,479,478,False,1.0084210526315789,1.01,3.0,0.37583892617449666,0.33783783783783783
LC648-2,475,400,399,False,0.8421052631578947,0.985,0.0,0.25,0.23076923076923078
LC765-2,208,211,210,False,1.0144230769230769,0.9,10.0,0.7301587301587301,0.6666666666666666
LCF544-2,415,351,350,False,0.8457831325301205,0.99,2.0,0.1391304347826087,0.13793103448275862
LCF979-1,559,296,295,False,0.5295169946332737,1.055,-6.0,0.3473684210526316,0.19101123595505617
LE679-8,415,371,370,False,0.8939759036144578,1.055,-9.0,0.32786885245901637,0.2672413793103448
LEG557-3,412,350,349,False,0.8495145631067961,1.015,-1.0,0.4434782608695652,0.3482142857142857
LFA766-1,202,206,205,False,1.0198019801980198,0.995,-1.0,0.05970149253731343,0.030303030303030304
LG168-3,559,478,477,False,0.855098389982111,1.03,-4.0,0.3708609271523179,0.3673469387755102
LGA21-6,409,374,373,False,0.9144254278728606,1.04,-5.0,0.4672131147540984,0.3620689655172414
LGA881-1-2,208,212,211,False,1.0192307692307692,1.01,-2.0,0.19402985074626866,0.16666666666666666
LGA881-2-5,367,371,370,False,1.0108991825613078,1.005,0.0,0.17796610169491525,0.1694915254237288
LH1169-8,550,479,478,False,0.8709090909090909,1.01,-3.0,0.10828025477707007,0.08387096774193549
LHV745-7,559,474,473,False,0.8479427549194991,1.0,0.0,0.11920529801324503,0.11920529801324503
LK523-2,205,208,207,False,1.0146341463414634,0.8,11.0,0.5909090909090909,0.36231884057971014
LK584-2,556,558,557,False,1.0035971223021583,1.04,-6.0,0.48333333333333334,0.4367816091954023
LK584-3,556,558,557,False,1.0035971223021583,1.005,-3.0,0.23626373626373626,0.22099447513812154
LL1196-5,568,397,396,False,0.698943661971831,0.965,-2.0,0.7380952380952381,0.6870229007633588
LL854-1,451,453,452,False,1.0044345898004434,0.97,7.0,0.16216216216216217,0.13333333333333333
LLA399-2,421,421,420,False,1.0,1.0,0.0,0.20588235294117646,0.20588235294117646
LLN757-6,547,357,356,False,0.6526508226691042,1.01,-2.0,0.4051724137931034,0.40350877192982454
LLN873-1,550,552,551,False,1.0036363636363637,0.98,3.0,0.5730337078651685,0.553072625698324
LM184-3,415,418,417,False,1.0072289156626506,1.085,-13.0,0.375,0.2619047619047619
LM184-4,415,418,417,False,1.0072289156626506,1.01,-1.0,0.23529411764705882,0.22962962962962963
LM335-7,553,479,478,False,0.8661844484629295,1.025,-3.0,0.4358974358974359,0.3881578947368421
LM844-1,217,219,218,False,1.0092165898617511,1.03,-1.0,0.4857142857142857,0.34328358208955223
LM985-4,211,213,212,False,1.009478672985782,0.91,7.0,0.3384615384615385,0.23880597014925373
LMMG218-1-10,556,476,475,False,0.8561151079136691,0.995,0.0,0.4551282051282051,0.4230769230769231
LN233-3,421,225,224,False,0.5344418052256532,0.95,4.0,0.1232876712328767,0.1038961038961039
LNA592-8,547,465,464,False,0.850091407678245,1.0,1.0,0.11842105263157894,0.09868421052631579
LNA592-9,547,549,548,False,1.0036563071297988,0.995,3.0,0.5227272727272727,0.480225988700565
LP181-1,361,365,364,False,1.0110803324099722,0.605,22.0,1.0341880341880343,0.743801652892562
LP284-3,460,299,298,False,0.65,1.11,-11.0,0.7010309278350515,0.3563218390804598
LS1035-1,556,281,280,False,0.5053956834532374,1.12,-19.0,1.4222222222222223,1.2911392405063291
LS1045-4,547,470,469,False,0.8592321755027422,0.98,-3.0,0.5741935483870968,0.5316455696202531
LS123-3,547,550,549,False,1.0054844606946984,0.85,67.0,1.0726256983240223,1.0546448087431695
LS359-1-7,394,395,394,False,1.00253807106599,0.95,3.0,0.5284552845528455,0.4634146341463415
LS366-1,208,211,210,False,1.0144230769230769,0.985,0.0,0.25,0.1875
LS93-8,583,479,478,False,0.8216123499142367,1.01,0.0,0.3225806451612903,0.27450980392156865
LSD500-3,568,478,477,False,0.8415492957746479,0.995,2.0,0.2709677419354839,0.26282051282051283
LSD500-6,568,570,569,False,1.0035211267605635,0.94,6.0,0.3870967741935484,0.34574468085106386
LT1112-5,580,583,582,False,1.0051724137931035,1.03,-5.0,0.25654450261780104,0.24324324324324326
LT634-4,559,561,560,False,1.003577817531306,1.0,-4.0,0.2692307692307692,0.23756906077348067
LTE064-1,562,563,561,False,1.001779359430605,0.975,6.0,0.726775956284153,0.7043010752688172
LTE064-5,562,479,478,False,0.8523131672597865,0.99,1.0,0.24836601307189543,0.23870967741935484
LTE064-8,562,472,470,False,0.8398576512455516,0.99,3.0,0.5986842105263158,0.564935064935065
LV366-6,460,462,461,False,1.0043478260869565,1.0,4.0,0.7792207792207793,0.7581699346405228
LV488-7,565,476,475,False,0.8424778761061947,1.01,-5.0,0.2679738562091503,0.25165562913907286
LV613-2,469,469,468,False,1.0,1.155,-24.0,0.738562091503268,0.553030303030303
LV683-2-3,559,458,457,False,0.8193202146690519,0.88,53.0,0.9798657718120806,0.9215686274509803
LV683-2-8,559,561,559,False,1.003577817531306,0.6,-80.0,6.4021739130434785,1.7463768115942029
LV723-1,562,477,476,False,0.8487544483985765,1.02,-4.0,0.16560509554140126,0.1503267973856209
LV723-9,562,397,396,False,0.7064056939501779,1.0,0.0,0.3076923076923077,0.3076923076923077
LYI1079-2,208,210,209,False,1.0096153846153846,1.07,-11.0,0.16666666666666666,0.14516129032258066
LZ865-2,205,208,207,False,1.0146341463414634,1.015,-2.0,0.40298507462686567,0.373134328358209
MA1007-3,202,206,205,False,1.0198019801980198,1.085,-11.0,0.7424242424242424,0.6612903225806451
MA470-5,274,277,276,False,1.010948905109489,0.98,1.0,0.15730337078651685,0.1111111111111111
MA488-3,574,576,575,False,1.0034843205574913,0.97,6.0,0.3155080213903743,0.2962962962962963
MA505-1,553,471,469,False,0.8517179023508138,1.105,-17.0,0.3181818181818182,0.26618705035971224
MA505-2,553,556,554,False,1.0054249547920433,1.005,1.0,0.6132596685082873,0.5966850828729282
MA595-5,475,476,475,False,1.0021052631578948,0.995,0.0,0.16883116883116883,0.14935064935064934
MA752-1,538,456,455,False,0.8475836431226765,1.01,0.0,0.3221476510067114,0.2857142857142857
MA797-4,562,399,398,False,0.7099644128113879,1.07,-10.0,0.21705426356589147,0.14166666666666666
MA797-7,562,479,478,False,0.8523131672597865,1.025,-4.0,0.3333333333333333,0.328
MA8-2,214,216,215,False,1.0093457943925233,1.005,-1.0,0.37681159420289856,0.36764705882352944
MA885-10,559,482,481,False,0.8622540250447227,1.0,1.0,0.12738853503184713,0.12101910828025478
MAS094-2,559,562,560,False,1.0053667262969588,0.965,4.0,0.42857142857142855,0.3825136612021858
MAS094-5,559,562,560,False,1.0053667262969588,1.035,-15.0,0.43333333333333335,0.39655172413793105
MAS203-4,556,558,556,False,1.0035971223021583,1.005,-3.0,0.861878453038674,0.8555555555555555
MAS203-6,556,463,461,False,0.8327338129496403,0.995,2.0,0.19205298013245034,0.19205298013245034
MC373-5,487,491,490,False,1.0082135523613962,0.885,25.0,0.863013698630137,0.6666666666666666
MC427-1,208,212,211,False,1.0192307692307692,0.995,0.0,0.10606060606060606,0.09090909090909091
MC663-7,565,497,496,False,0.879646017699115,0.995,1.0,0.11728395061728394,0.11042944785276074
MC710-3,289,290,289,False,1.0034602076124568,1.015,-1.0,0.25274725274725274,0.23595505617977527
MC833-6,142,145,144,False,1.0211267605633803,1.44,-20.0,1.3142857142857143,1.0
MC933-2,559,375,374,False,0.6708407871198568,1.085,-11.0,0.4793388429752066,0.36607142857142855
MDCH869-4,541,467,466,False,0.8632162661737524,0.985,-3.0,0.2631578947368421,0.16883116883116883
ME378-4,418,356,355,False,0.8516746411483254,1.005,-3.0,0.2,0.13157894736842105
ME540-11,544,376,375,False,0.6911764705882353,1.075,-12.0,0.5206611570247934,0.37168141592920356
ME540-7,544,547,546,False,1.005514705882353,1.045,-6.0,0.292817679558011,0.26011560693641617
ME577-7,505,478,477,False,0.9465346534653465,1.005,-2.0,0.2709677419354839,0.24516129032258063
ME799-5,574,473,472,False,0.8240418118466899,0.99,6.0,0.8451612903225807,0.7884615384615384
MF532-3,370,373,372,False,1.008108108108108,1.025,-6.0,0.2066115702479339,0.15254237288135594
MG1147-6,562,377,376,False,0.6708185053380783,0.985,2.0,0.3277310924369748,0.30833333333333335
MI820-4,550,554,553,False,1.0072727272727273,0.99,1.0,0.3163841807909605,0.29775280898876405
MJ402-10,559,474,473,False,0.8479427549194991,0.995,4.0,0.40131578947368424,0.33986928104575165
ML585-2,565,568,567,False,1.0053097345132744,1.0,0.0,0.4972972972972973,0.4972972972972973
ML954-3,553,468,467,False,0.8462929475587704,1.04,-6.0,0.4768211920529801,0.4
MM1134-3,484,486,485,False,1.0041322314049588,1.0,-1.0,0.3793103448275862,0.3586206896551724
MM334-5,670,395,394,False,0.5895522388059702,1.0,1.0,0.3442622950819672,0.2786885245901639
MM41-7,421,355,354,False,0.8432304038004751,1.005,-2.0,0.2807017543859649,0.2543859649122807
MM445-2-1,565,451,456,False,0.7982300884955752,0.99,1.0,0.2483221476510067,0.23841059602649006
MM445-2-2,565,567,715,True,1.0035398230088495,1.225,4.0,1.1881720430107527,0.2978723404255319
MM445-2-9,565,716,715,True,1.2672566371681415,1.525,-4.0,2.4171122994652405,1.232258064516129
MM834-5,538,375,374,False,0.6970260223048327,1.105,-13.0,0.9669421487603306,0.7431192660550459
MM84-8,283,285,284,False,1.0070671378091873,0.975,5.0,0.34782608695652173,0.3118279569892473
MM897-7,475,479,478,False,1.0084210526315789,0.95,5.0,0.2922077922077922,0.19230769230769232
MM912-4,211,214,213,False,1.014218009478673,0.925,8.0,0.41379310344827586,0.26666666666666666
MN011-3,463,466,465,False,1.0064794816414686,0.95,4.0,0.6158940397350994,0.5855263157894737
MN32-6,559,395,394,False,0.7066189624329159,1.055,-7.0,0.75,0.7024793388429752
MP228-5,478,379,378,False,0.7928870292887029,1.055,-14.0,0.29508196721311475,0.23478260869565218
MS1034-1,421,374,373,False,0.8883610451306413,1.0,-2.0,0.14754098360655737,0.11475409836065574
MS511-2-3,550,475,474,False,0.8636363636363636,1.025,-6.0,0.5612903225806452,0.47019867549668876
MS565-10,457,461,460,False,1.0087527352297594,1.05,-6.0,0.3,0.2727272727272727
MS624-4,565,567,566,False,1.0035398230088495,0.99,1.0,0.3891891891891892,0.3602150537634409
MS624-6,565,567,566,False,1.0035398230088495,0.97,1.0,0.39226519337016574,0.35359116022099446
MS624-7,565,567,566,False,1.0035398230088495,1.01,1.0,0.10326086956521739,0.08791208791208792
MS624-8,565,567,566,False,1.0035398230088495,0.995,2.0,0.1912568306010929,0.18032786885245902
MT351-4,280,283,282,False,1.0107142857142857,1.005,0.0,0.2111111111111111,0.2
MT520-4,541,460,459,False,0.8502772643253235,1.0,0.0,0.3509933774834437,0.3509933774834437
MV750-5,214,217,216,False,1.014018691588785,0.985,3.0,0.6323529411764706,0.6086956521739131
MV930-2,211,213,212,False,1.009478672985782,0.975,-1.0,0.29411764705882354,0.07462686567164178
NA834-7,544,463,462,False,0.8511029411764706,0.98,3.0,0.16,0.13071895424836602
NC636-4,466,376,375,False,0.8068669527896996,1.0,4.0,0.48739495798319327,0.3697478991596639
ND1068-3,205,208,207,False,1.0146341463414634,0.98,1.0,0.18461538461538463,0.12307692307692308
NE429-4,544,363,362,False,0.6672794117647058,1.005,-3.0,0.4224137931034483,0.3739130434782609
NK206-3,196,198,197,False,1.010204081632653,0.94,1.0,0.3492063492063492,0.25396825396825395
OA170-11,556,296,295,False,0.5323741007194245,1.09,-16.0,0.28125,0.14942528735632185
OA333-6,565,569,568,False,1.0070796460176992,0.99,4.0,0.6483516483516484,0.6304347826086957
OC110-5,352,353,352,False,1.0028409090909092,1.575,-31.0,3.5535714285714284,3.112676056338028
OF387-2,559,381,380,False,0.6815742397137746,1.04,-4.0,0.4596774193548387,0.4117647058823529
OF960-2,556,377,376,False,0.6780575539568345,1.035,-5.0,0.23387096774193547,0.13333333333333333
OJ319-10,463,467,466,False,1.0086393088552916,1.43,-41.0,2.5496688741721854,2.0849056603773586
OJ319-2,463,467,466,False,1.0086393088552916,0.985,1.0,0.35526315789473684,0.29605263157894735
OJ319-3,463,467,466,False,1.0086393088552916,0.99,2.0,0.28,0.271523178807947
OJ319-5,463,467,466,False,1.0086393088552916,0.995,1.0,0.34210526315789475,0.32894736842105265
OJ319-6,463,467,466,False,1.0086393088552916,0.97,4.0,0.3157894736842105,0.2875816993464052
OJ319-7,463,467,466,False,1.0086393088552916,0.8,80.0,2.1589403973509933,1.7483870967741935
OJ319-8,463,467,466,False,1.0086393088552916,1.02,-3.0,0.18421052631578946,0.16
OJ319-9,463,467,466,False,1.0086393088552916,1.0,1.0,0.7828947368421053,0.7647058823529411
OP517-1,562,478,477,False,0.8505338078291815,1.01,1.0,0.567741935483871,0.48366013071895425
PA1217-8,559,476,475,False,0.851520572450805,0.99,1.0,0.21656050955414013,0.20253164556962025
PA145-1,472,474,473,False,1.0042372881355932,0.99,3.0,0.2549019607843137,0.24675324675324675
PA145-2,472,474,473,False,1.0042372881355932,1.02,-3.0,0.2967741935483871,0.26973684210526316
PA214-5,562,477,476,False,0.8487544483985765,1.015,-3.0,0.4228187919463087,0.3741496598639456
PA276-3,415,210,209,False,0.5060240963855421,1.03,-2.0,0.11594202898550725,0.07462686567164178
PA289-8,562,480,479,False,0.8540925266903915,1.005,2.0,0.3194444444444444,0.3076923076923077
PA337-4,277,281,280,False,1.0144404332129964,0.98,5.0,0.26666666666666666,0.21978021978021978
PA731-2-3,553,376,375,False,0.6799276672694394,1.015,0.0,0.32786885245901637,0.26666666666666666
PA745-3,553,464,463,False,0.8390596745027125,0.99,1.0,0.1503267973856209,0.11038961038961038
PAS742-3,415,370,369,False,0.891566265060241,1.015,-1.0,0.2231404958677686,0.2
PC55-2,559,475,474,False,0.8497316636851521,1.0,2.0,0.2727272727272727,0.23870967741935484
PC758-2,208,210,209,False,1.0096153846153846,1.39,-57.0,0.7659574468085106,0.42424242424242425
PC809-7,559,378,377,False,0.6762075134168157,1.03,-2.0,0.7833333333333333,0.6239316239316239
PD496-6,556,479,478,False,0.8615107913669064,1.005,-1.0,0.050955414012738856,0.03870967741935484
PE081-5,565,569,568,False,1.0070796460176992,0.995,0.0,0.27956989247311825,0.25806451612903225
PE256-2,535,537,536,False,1.0037383177570094,1.075,-16.0,0.5085714285714286,0.46296296296296297
PE256-5,535,464,463,False,0.8672897196261682,1.025,-4.0,0.3355263157894737,0.2702702702702703
PE724-1,211,215,214,False,1.018957345971564,0.94,4.0,0.47761194029850745,0.45588235294117646
PE83-6,568,571,570,False,1.005281690140845,0.94,11.0,0.5775401069518716,0.5421052631578948
PE863-4,559,713,712,True,1.2754919499105546,1.225,18.0,1.7247191011235956,0.5054347826086957
PE863-9,559,713,712,True,1.2754919499105546,1.255,9.0,1.6153846153846154,0.3028571428571429
PG209-3,412,415,414,False,1.0072815533980584,0.98,8.0,0.6962962962962963,0.6304347826086957
PH394-2,565,569,568,False,1.0070796460176992,1.02,-1.0,0.3945945945945946,0.35911602209944754
PH664-7,352,354,353,False,1.0056818181818181,0.95,-1.0,0.6120689655172413,0.3793103448275862
PH783-3,562,565,564,False,1.0053380782918149,1.055,-4.0,0.30978260869565216,0.2342857142857143
PI1027-1,553,456,455,False,0.8245931283905967,0.995,1.0,0.2671232876712329,0.2534246575342466
PJ533-8,145,147,146,False,1.013793103448276,0.965,1.0,0.24390243902439024,0.24390243902439024
PL974-9,550,476,475,False,0.8654545454545455,1.03,-5.0,0.27564102564102566,0.2251655629139073
PM273-6,553,481,480,False,0.8698010849909584,1.03,-5.0,0.33974358974358976,0.29605263157894735
PMDPI029-1-1,559,561,560,False,1.003577817531306,0.89,16.0,0.6486486486486487,0.4946236559139785
PMDPI029-1-10,559,561,560,False,1.003577817531306,1.015,0.0,0.8494623655913979,0.8087431693989071
PMDPI029-1-11,559,561,560,False,1.003577817531306,1.59,-18.0,2.2841530054644807,1.1043478260869566
PMDPI029-1-2,559,561,560,False,1.003577817531306,1.045,-5.0,0.5846994535519126,0.5284090909090909
PMDPI029-1-3,559,561,560,False,1.003577817531306,1.01,-3.0,0.14054054054054055,0.11475409836065574
PMDPI029-1-5,559,561,560,False,1.003577817531306,1.01,-4.0,0.15675675675675677,0.1366120218579235
PMDPI029-1-6,559,561,560,False,1.003577817531306,0.99,4.0,0.6702702702702703,0.6559139784946236
PMDPI029-1-8,559,561,560,False,1.003577817531306,1.01,-1.0,0.3621621621621622,0.34065934065934067
PMDPI029-1-9,559,561,560,False,1.003577817531306,1.005,-1.0,0.521505376344086,0.5135135135135135
PN110-11,484,419,418,False,0.8657024793388429,1.04,-10.0,0.15833333333333333,0.11206896551724138
PN110-9,484,419,418,False,0.8657024793388429,1.0,0.0,0.1510791366906475,0.1510791366906475
PN636-1-6,475,300,299,False,0.631578947368421,0.97,1.0,0.3888888888888889,0.3763440860215054
PO13-3,421,314,313,False,0.7458432304038005,1.12,-16.0,0.5555555555555556,0.5
PS148-9,568,572,571,False,1.0070422535211268,0.97,6.0,0.9027027027027027,0.8663101604278075
PS292-4,463,587,586,True,1.267818574514039,1.225,8.0,0.9865771812080537,0.5789473684210527
PV361-2,565,567,566,False,1.0035398230088495,0.855,80.0,1.5135135135135136,1.3280423280423281
QA374-7,136,139,138,False,1.0220588235294117,1.02,-3.0,0.18604651162790697,0.16666666666666666
QC211-2,547,551,550,False,1.0073126142595978,1.04,-13.0,0.40782122905027934,0.37572254335260113
QC211-6,547,460,459,False,0.8409506398537477,0.99,1.0,0.2214765100671141,0.2185430463576159
QC267-7,559,562,561,False,1.0053667262969588,1.035,-3.0,0.5879120879120879,0.519774011299435
QC267-8,559,399,398,False,0.7137745974955277,1.11,-12.0,0.6384615384615384,0.5299145299145299
QC697-4,562,473,472,False,0.8416370106761566,1.03,-5.0,0.2582781456953642,0.22448979591836735
QD472-3,346,349,348,False,1.0086705202312138,0.99,1.0,0.23214285714285715,0.21238938053097345
RA361-4,484,401,400,False,0.8285123966942148,1.01,-1.0,0.171875,0.14960629921259844
RA467-2,274,277,276,False,1.010948905109489,1.015,-2.0,0.2840909090909091,0.27586206896551724
RA580-2,547,550,549,False,1.0054844606946984,0.965,5.0,0.35195530726256985,0.3277777777777778
RA803-2,559,479,478,False,0.8568872987477638,1.02,-3.0,0.1518987341772152,0.1032258064516129
RA803-4,559,701,700,True,1.2540250447227193,1.22,6.0,1.3172043010752688,0.4919786096256685
RBC697-1,550,554,553,False,1.0072727272727273,1.025,-4.0,0.29608938547486036,0.27586206896551724
RC1103-1,556,478,477,False,0.8597122302158273,0.995,-1.0,0.4258064516129032,0.4129032258064516
RC54-4,562,296,295,False,0.5266903914590747,1.07,-6.0,0.631578947368421,0.4659090909090909
RC545-2-5,559,560,705,True,1.0017889087656529,1.21,9.0,1.5245901639344261,0.3655913978494624
RC545-2-8,559,706,705,True,1.262969588550984,1.595,-29.0,2.3260869565217392,1.0068493150684932
RC545-2-9,559,706,705,True,1.262969588550984,1.255,3.0,1.5380434782608696,0.22162162162162163
RC755-1,538,477,476,False,0.8866171003717472,1.01,-2.0,0.46153846153846156,0.4129032258064516
RC755-3,538,477,476,False,0.8866171003717472,1.0,0.0,0.14743589743589744,0.14743589743589744
RC755-4,538,477,476,False,0.8866171003717472,1.005,-1.0,0.6410256410256411,0.632258064516129
RC755-6,538,477,476,False,0.8866171003717472,0.98,4.0,0.17307692307692307,0.1509433962264151
RC755-7,538,477,476,False,0.8866171003717472,1.025,-2.0,0.19230769230769232,0.18421052631578946
RC755-9,538,477,476,False,0.8866171003717472,1.025,-2.0,0.30128205128205127,0.2631578947368421
RC812-3,553,367,366,False,0.6636528028933092,1.04,-8.0,0.36134453781512604,0.3130434782608696
RD1142-2,283,285,284,False,1.0070671378091873,0.93,7.0,0.34444444444444444,0.21739130434782608
RD167-7,277,281,280,False,1.0144404332129964,1.16,-26.0,0.3068181818181818,0.25
RE260-6,556,558,557,False,1.0035971223021583,1.02,-7.0,0.726775956284153,0.7055555555555556
RE828-1,460,462,461,False,1.0043478260869565,1.01,-1.0,0.41721854304635764,0.4161073825503356
RG434-11,556,465,463,False,0.8363309352517986,0.99,3.0,0.23026315789473684,0.2222222222222222
RG434-_10,556,559,557,False,1.0053956834532374,1.04,-4.0,0.6141304347826086,0.5795454545454546
RG864-1,355,357,356,False,1.0056338028169014,1.03,-3.0,0.5128205128205128,0.5
RG944-2,568,377,376,False,0.6637323943661971,1.015,0.0,0.2786885245901639,0.24166666666666667
RI273-6,547,472,471,False,0.8628884826325411,1.0,2.0,0.37012987012987014,0.34415584415584416
RI382-2,562,468,467,False,0.8327402135231317,1.01,-2.0,0.21568627450980393,0.2119205298013245
RK787-3,208,212,211,False,1.0192307692307692,1.02,-3.0,0.09090909090909091,0.046153846153846156
RL461-4,424,427,426,False,1.0070754716981132,1.025,-4.0,0.21739130434782608,0.14074074074074075
RL747-8,556,377,376,False,0.6780575539568345,1.01,0.0,0.3333333333333333,0.2782608695652174
RL948-2,373,312,311,False,0.8364611260053619,1.01,0.0,0.4787234042553192,0.46236559139784944
RLFS800-2,556,560,559,False,1.0071942446043165,1.005,-1.0,0.281767955801105,0.2722222222222222
RM126-1,553,556,555,False,1.0054249547920433,0.89,73.0,1.4444444444444444,1.2666666666666666
RM126-10,553,702,701,True,1.2694394213381555,1.275,-2.0,1.095505617977528,0.47191011235955055
RM126-11,553,473,472,False,0.8553345388788427,0.98,1.0,0.2077922077922078,0.16455696202531644
RM126-2,553,556,555,False,1.0054249547920433,0.98,1.0,1.032967032967033,0.9945054945054945
RM126-4,553,556,555,False,1.0054249547920433,0.995,2.0,0.430939226519337,0.4230769230769231
RM126-5,553,556,555,False,1.0054249547920433,1.595,-70.0,2.827777777777778,1.3716814159292035
RM126-6,553,592,591,True,1.0705244122965643,1.26,0.0,1.4301675977653632,0.15789473684210525
RM126-7,553,556,555,False,1.0054249547920433,1.02,-5.0,0.2265193370165746,0.2033898305084746
RM126-8,553,556,555,False,1.0054249547920433,1.3,-58.0,0.9230769230769231,0.6618705035971223
RM126-9,553,556,555,False,1.0054249547920433,1.0,-1.0,0.5777777777777777,0.5611111111111111
RM184-1,559,563,562,False,1.0071556350626119,1.02,-6.0,0.580110497237569,0.5617977528089888
RM29-5,289,291,290,False,1.0069204152249136,1.02,-1.0,0.2857142857142857,0.23595505617977527
RM549-1,376,379,378,False,1.0079787234042554,1.02,-5.0,0.33884297520661155,0.3025210084033613
RM855-3,553,555,554,False,1.003616636528029,0.99,2.0,0.35877862595419846,0.35877862595419846
RMN410-3,550,480,479,False,0.8727272727272727,1.0,-2.0,0.2064516129032258,0.19230769230769232
RO793-2,484,396,395,False,0.8181818181818182,1.0,-1.0,0.21875,0.2109375
RS362-4,421,284,283,False,0.6745843230403801,1.005,1.0,0.1827956989247312,0.11956521739130435
RS363-7,559,559,558,False,1.0,1.015,-3.0,0.07734806629834254,0.07262569832402235
RS781-7,658,397,396,False,0.6033434650455927,1.09,-13.0,0.24806201550387597,0.17647058823529413
RV146N2-6,262,266,265,False,1.015267175572519,1.01,-1.0,0.3176470588235294,0.3058823529411765
RV454-6,556,475,474,False,0.85431654676259,0.985,10.0,0.5225806451612903,0.46496815286624205
RV754-4,466,468,467,False,1.0042918454935623,0.995,1.0,0.17763157894736842,0.17105263157894737
SA288-6,553,465,464,False,0.840867992766727,0.995,1.0,0.23178807947019867,0.23178807947019867
SC700-1,364,367,366,False,1.0082417582417582,1.09,-21.0,0.4789915966386555,0.37272727272727274
SC818-2,208,210,209,False,1.0096153846153846,0.97,3.0,0.19402985074626866,0.19117647058823528
SDSA208-4,538,459,458,False,0.8531598513011153,1.02,-2.0,0.18543046357615894,0.14189189189189189
SE040-4,277,279,278,False,1.0072202166064983,1.315,-46.0,0.6904761904761905,0.5396825396825397
SHE580-7,415,353,352,False,0.8506024096385543,1.015,-5.0,0.3017241379310345,0.2543859649122807
SK902-6,559,378,377,False,0.6762075134168157,1.015,-1.0,0.319672131147541,0.26666666666666666
SL313-11,643,472,471,False,0.7340590979782271,1.0,-1.0,0.18181818181818182,0.15483870967741936
SLM044-1-1,559,468,467,False,0.8372093023255814,0.99,2.0,0.39869281045751637,0.3741935483870968
SM307-1-12,565,568,567,False,1.0053097345132744,1.085,-30.0,0.625,0.5214723926380368
SM307-1-9,565,475,474,False,0.8407079646017699,0.965,1.0,0.25,0.1962025316455696
SM686-7,361,305,304,False,0.8448753462603878,1.005,2.0,0.8181818181818182,0.7701149425287356
SN586-8,397,400,399,False,1.0075566750629723,1.01,-2.0,0.37209302325581395,0.35658914728682173
SS527-8,556,474,473,False,0.8525179856115108,0.99,1.0,0.2565789473684211,0.24675324675324675
SS684-8,550,382,381,False,0.6945454545454546,1.035,-6.0,0.312,0.30578512396694213
SS722-8,553,379,378,False,0.6853526220614828,1.005,-1.0,0.04878048780487805,0.040983606557377046
ST586-7,553,556,555,False,1.0054249547920433,1.01,0.0,0.2983425414364641,0.29608938547486036
TA12-1,205,209,208,False,1.0195121951219512,1.03,-4.0,0.3880597014925373,0.3384615384615385
TA239-2,556,559,558,False,1.0053956834532374,1.015,-2.0,0.2430939226519337,0.20670391061452514
TA656-2,469,471,470,False,1.004264392324094,1.015,-2.0,0.3464052287581699,0.32
TA757-4,475,405,404,False,0.8526315789473684,0.985,1.0,0.4015748031496063,0.38461538461538464
TA757-9,475,405,404,False,0.8526315789473684,0.985,2.0,0.20161290322580644,0.192
TAS1069-2,205,207,206,False,1.0097560975609756,1.02,-3.0,0.21212121212121213,0.2
TC1047-2,487,373,372,False,0.7659137577002053,0.98,3.0,0.5833333333333334,0.5691056910569106
TH481-5,553,473,472,False,0.8553345388788427,1.05,-10.0,0.38064516129032255,0.32653061224489793
TJ297-4,418,361,360,False,0.8636363636363636,1.03,-3.0,0.6410256410256411,0.5877192982456141
TJ899-2,547,472,471,False,0.8628884826325411,0.99,3.0,0.6973684210526315,0.6558441558441559
TK319-10,565,375,374,False,0.6637168141592921,1.01,-2.0,0.10084033613445378,0.07692307692307693
TL179-5,421,361,360,False,0.8574821852731591,1.0,1.0,0.34782608695652173,0.31896551724137934
TL475-7,418,284,283,False,0.6794258373205742,1.01,-3.0,0.29347826086956524,0.27472527472527475
TM272-9,247,250,249,False,1.0121457489878543,1.015,-2.0,0.08860759493670886,0.0641025641025641
TM294-2,550,381,380,False,0.6927272727272727,1.015,-4.0,0.11382113821138211,0.09090909090909091
TM312-2,559,561,560,False,1.003577817531306,0.995,-1.0,1.2934782608695652,1.284153005464481
TM312-6,559,383,382,False,0.6851520572450805,1.17,-32.0,0.5241935483870968,0.3047619047619048
TM428-3,214,216,215,False,1.0093457943925233,1.04,-4.0,0.3142857142857143,0.23880597014925373
TM981-1,553,555,554,False,1.003616636528029,1.005,-1.0,0.3532608695652174,0.3442622950819672
TN611-7,412,357,356,False,0.866504854368932,0.985,2.0,0.27350427350427353,0.2689075630252101
TN807-3,286,289,288,False,1.0104895104895104,0.925,11.0,0.48314606741573035,0.44565217391304346
TN888-3,145,147,146,False,1.013793103448276,1.02,-1.0,0.5918367346938775,0.5625
TT615-1-8,559,478,477,False,0.855098389982111,1.0,1.0,0.16233766233766234,0.12987012987012986
TV1166-4,472,475,474,False,1.00635593220339,1.005,1.0,0.29411764705882354,0.2875816993464052
TV654-4,574,576,575,False,1.0034843205574913,1.025,-4.0,0.8657718120805369,0.8082191780821918
VA197-2,412,355,354,False,0.8616504854368932,1.015,-2.0,0.20869565217391303,0.20353982300884957
VA197-5,412,355,354,False,0.8616504854368932,1.01,-2.0,0.2719298245614035,0.23893805309734514
VA225-6,409,412,411,False,1.0073349633251834,0.98,4.0,0.8059701492537313,0.7777777777777778
VA95-1,571,574,573,False,1.0052539404553416,1.02,-2.0,0.3968253968253968,0.3837837837837838
VC104-2,559,477,476,False,0.853309481216458,0.995,-3.0,0.27741935483870966,0.24358974358974358
VC581-1,454,458,457,False,1.0088105726872247,0.96,5.0,0.26,0.20394736842105263
VC581-10,454,458,457,False,1.0088105726872247,0.94,5.0,0.436241610738255,0.3466666666666667
VC581-11,454,458,457,False,1.0088105726872247,0.99,3.0,0.27702702702702703,0.2483221476510067
VC581-12,454,458,457,False,1.0088105726872247,0.995,1.0,0.21476510067114093,0.21476510067114093
VC581-2,454,458,457,False,1.0088105726872247,0.985,0.0,0.2751677852348993,0.2550335570469799
VC581-3,454,458,457,False,1.0088105726872247,0.97,5.0,0.22,0.20394736842105263
VC581-5,454,458,457,False,1.0088105726872247,1.015,-9.0,0.3624161073825503,0.3082191780821918
VC581-6,454,458,457,False,1.0088105726872247,0.955,6.0,0.3724137931034483,0.3698630136986301
VC581-7,454,458,457,False,1.0088105726872247,0.96,6.0,0.32653061224489793,0.2483221476510067
VC789-3,358,361,360,False,1.0083798882681565,0.94,8.0,0.3418803418803419,0.275
VF269-7,553,555,554,False,1.003616636528029,1.005,-2.0,0.40331491712707185,0.3867403314917127
VH99-3,472,474,473,False,1.0042372881355932,1.01,-2.0,0.363013698630137,0.33793103448275863
VM195-5,415,418,417,False,1.0072289156626506,1.02,-5.0,0.4888888888888889,0.45454545454545453
VM195-6,415,354,353,False,0.8530120481927711,1.025,-3.0,0.15517241379310345,0.11504424778761062
VM569-7,568,296,295,False,0.5211267605633803,1.095,-20.0,0.5402298850574713,0.3291139240506329
VM570-4,550,467,466,False,0.8490909090909091,1.0,2.0,0.16447368421052633,0.15789473684210525
VM570-8,550,554,553,False,1.0072727272727273,0.995,2.0,0.31666666666666665,0.29444444444444445
VN484-1,652,476,475,False,0.7300613496932515,1.005,2.0,0.23870967741935484,0.2222222222222222
VS321-6,463,465,464,False,1.0043196544276458,1.01,-2.0,0.12,0.11486486486486487
VS321-7,463,465,464,False,1.0043196544276458,0.99,1.0,0.11920529801324503,0.11920529801324503
VS510-2,565,378,377,False,0.6690265486725664,1.015,-1.0,0.25203252032520324,0.225
VS510-7,565,568,567,False,1.0053097345132744,0.985,7.0,0.23118279569892472,0.22340425531914893
WA402-7,559,378,377,False,0.6762075134168157,0.995,1.0,0.26666666666666666,0.256198347107438
WM472-8,553,477,476,False,0.8625678119349005,0.995,5.0,0.487012987012987,0.4090909090909091
WS1048-4,430,432,431,False,1.0046511627906978,1.015,-4.0,0.3142857142857143,0.2826086956521739
WS531-4,433,434,433,False,1.002309468822171,1.015,-2.0,0.7928571428571428,0.6739130434782609
ZS435-5,556,466,464,False,0.8381294964028777,0.99,1.0,0.28289473684210525,0.24836601307189543
ZS435-6,556,560,558,False,1.0071942446043165,0.895,30.0,0.7582417582417582,0.6774193548387096
