video,mismatch,file_step,image_interval,covers_all_images,time_rows,images
AA83-7,False,0.2501766784452297,0.251063829787234,True,286,283
AAL839-6,True,0.19999999999999998,0.2526126126126126,True,703,556
AB028-6,False,0.2512110726643598,0.2520833333333333,True,292,289
AB91-1,False,0.2511392405063291,0.17873873873873874,False,398,556
AC264-1,False,0.33378378378378376,0.21666666666666665,False,225,343
ADM715-1-2,False,0.3260989010989011,0.26734234234234233,False,367,445
AG274-2,False,0.251520572450805,0.25062388591800355,True,562,562
AG782-6,True,0.2,0.25,True,707,565
AG782-8,False,0.25063291139240507,0.17553191489361702,False,398,565
AH988-4,False,0.25523012552301255,0.2222222222222222,False,481,550
AHS115-5,False,0.2525423728813559,0.21477477477477477,False,475,556
AHS599-4,False,0.2512987012987013,0.2512987012987013,True,465,463
AK383-1,False,0.25109649122807015,0.25109649122807015,True,459,457
AL702-9,False,0.25338208409506396,0.25384615384615383,True,550,547
AL884-2,True,0.20000000000000004,0.2519713261648746,True,705,559
AM33-2,False,0.25290102389078495,0.1320855614973262,False,296,562
AM365-7,False,0.2514223194748359,0.25197368421052635,True,460,457
AM685-3,False,0.3366666666666666,0.3366666666666666,True,363,361
AM716-1,False,0.2516260162601626,0.21719298245614035,False,495,571
AM716-7,False,0.2516260162601626,0.21719298245614035,False,495,571
AM918-2-5,False,0.25370705244122965,0.25416666666666665,True,556,553
AMT360-1-9,False,0.2515306122448979,0.25089058524173025,True,395,394
AS1015-2,False,0.3347682119205298,0.2739837398373984,False,305,370
AS556-3,False,0.2508403361344538,0.2139784946236559,False,479,559
AS563-1,False,0.3340000000000001,0.3323383084577115,True,203,202
AS662-2,False,0.2507299270072993,0.14774193548387096,False,277,466
AS71-3,False,0.3336633663366337,0.33532338308457715,True,205,202
BA1195-9,False,0.25148247978436655,0.14136363636363636,False,374,661
BA25-7,False,0.25043478260869567,0.25098039215686274,True,463,460
BA258-6,False,0.25921658986175117,0.25862068965517243,True,437,436
BA518-7,False,0.253862660944206,0.21431159420289855,False,469,553
BA560-1,False,0.2516637478108581,0.25078534031413613,True,575,574
BA560-2,False,0.2516637478108581,0.25078534031413613,True,575,574
BA782-2,False,0.2532085561497326,0.2525333333333333,True,377,376
BA958-2,False,0.33519553072625696,0.3333333333333333,True,361,361
BC167-4,False,0.25052631578947365,0.25052631578947365,True,288,286
BC254-1,True,0.19999999999999998,0.253763440860215,True,710,559
BC254-5,False,0.25165394402035624,0.17724014336917565,False,396,559
BC277-10,True,0.2,0.25087719298245614,True,574,457
BC277-9,False,0.2514745308310992,0.20570175438596494,False,376,457
BC396-1,True,0.2,0.25095541401273885,True,593,472
BC396-2,False,0.25223880597014925,0.25116772823779193,True,472,472
BC518-6,False,0.25503211991434693,0.21693989071038253,False,470,550
BC750-7,False,0.2517021276595745,0.21431159420289858,False,473,553
BC782-2,False,0.2503267973856209,0.2503267973856209,True,462,460
BC973-4,False,0.25243128964059197,0.21630434782608696,False,476,553
BE327-2,False,0.2516949152542373,0.20732984293193718,False,475,574
BE340-9,False,0.25032119914346895,0.2497863247863248,True,470,469
BE413-3,False,0.3347457627118644,0.2841726618705036,False,357,418
BE645-10,False,0.25135135135135134,0.25,False,558,559
BE645-3,False,0.25135135135135134,0.25,False,558,559
BE645-7,False,0.25161290322580643,0.16774193548387098,False,375,559
BE735-2,False,0.3347417840375587,0.33474178403755867,True,216,214
BF924-3,False,0.2505263157894737,0.21441441441441442,False,478,556
BG201-1,False,0.2523381294964029,0.2527927927927928,True,559,556
BG723-5,False,0.2536,0.17228260869565215,False,378,553
BH034-4,False,0.2512,0.1679144385026738,False,378,562
BI104-3,False,0.250185873605948,0.2492592592592593,True,272,271
BI224-2,False,0.33305322128851544,0.2830952380952381,False,360,421
BJ3371-10,False,0.3333333333333333,0.3333333333333333,True,414,412
BJ3371-9,False,0.33382352941176474,0.22092457420924577,False,275,412
BJ497-7,False,0.2510204081632653,0.10718954248366014,False,199,460
BK428-2,False,0.2507002801120448,0.2507002801120448,True,360,358
BL042-8,False,0.25137420718816067,0.2119429590017825,False,476,562
BL285-1-3,True,0.19999999999999998,0.20957446808510638,True,593,565
BL366-6,False,0.2521186440677966,0.2132616487455197,False,475,559
BL418-7,False,0.2504424778761062,0.250886524822695,True,568,565
BL526-1,False,0.25333333333333335,0.1452599388379205,False,378,655
BL526-4,False,0.25435114503816797,0.25474006116207953,True,657,655
BL526-5,False,0.25315904139433554,0.17767584097859326,False,461,655
BM007-9,False,0.25307692307692314,0.17688172043010753,False,393,559
BM016-2,False,0.2507194244604317,0.25117117117117116,True,558,556
BM016-5,False,0.2507194244604317,0.25117117117117116,True,558,556
BM076-4,False,0.25243128964059197,0.21630434782608696,False,476,553
BM201-1,False,0.2537084398976982,0.17495590828924162,False,394,568
BM209-8,False,0.2545454545454545,0.2536231884057971,True,278,277
BM352-6,False,0.25093333333333334,0.16684397163120568,False,378,565
BM414-3,False,0.3345505617977528,0.2897810218978102,False,359,412
BM655-10,False,0.25104529616724736,0.2501736111111111,True,577,577
BM968-3,False,0.33495145631067963,0.2875,False,312,361
BM984-2,False,0.33518518518518514,0.33518518518518514,True,219,217
BMH857-2,False,0.25833333333333336,0.21898454746136867,False,388,454
BMS288-1,False,0.25106382978723407,0.251063829787234,True,285,283
BMS819-7,False,0.2505050505050505,0.21869488536155202,False,498,568
BN356-3,False,0.3334269662921348,0.2826190476190476,False,359,421
BN356-6,False,0.3339667458432304,0.33476190476190476,True,424,421
BO613-7,False,0.25126582278481013,0.2122994652406417,False,477,562
BR953-7,False,0.2510729613733906,0.20855614973262032,False,469,562
BS1033-2,False,0.25213903743315513,0.16990990990990992,False,377,556
BS1086-1,False,0.25264227642276427,0.2192239858906526,False,495,568
BS294-7,False,0.33366834170854276,0.3353535353535353,True,202,199
BS495-9,False,0.2510548523206751,0.2132616487455197,False,477,559
BS544-1,False,0.2551971326164874,0.25519713261648747,True,282,280
BS596-5,False,0.33495145631067963,0.3333333333333333,True,209,208
BS648-2-4,False,0.26640776699029123,0.2674463937621832,True,517,514
BS648-7,False,0.25386740331491714,0.1791423001949318,False,365,514
BS777-8,False,0.2501006036217304,0.1650730411686587,False,500,754
BS836-11,False,0.2550660792951542,0.2132596685082873,False,457,544
BS918-6,False,0.25482142857142853,0.254367201426025,True,563,562
BV646-6,False,0.3335526315789473,0.33137254901960783,True,155,154
BY829-1,True,0.2,0.2528888888888889,True,571,451
BY829-3,False,0.25268817204301075,0.2088888888888889,False,375,451
CA364-7,False,0.2516042780748663,0.17140255009107466,False,377,550
CAV074-1,False,0.25207956600361664,0.25117117117117116,True,556,556
CAV074-3,False,0.25207956600361664,0.25117117117117116,True,556,556
CAV074-4,False,0.2522776572668113,0.20954954954954957,False,463,556
CAV074-5,False,0.2521660649819495,0.25171171171171175,True,556,556
CAV074-6,False,0.25207956600361664,0.25117117117117116,True,556,556
CAV074-8,False,0.25207956600361664,0.25117117117117116,True,556,556
CAV074-9,False,0.25207956600361664,0.25117117117117116,True,556,556
CC007-2,False,0.2508403361344538,0.21397849462365592,False,479,559
CC336-9,False,0.3346020761245675,0.2802898550724638,False,292,346
CC455-3,False,0.2521097046413502,0.2153153153153153,False,477,556
CC563-5,False,0.2542857142857143,0.2537280701754386,True,458,457
CC751-4,False,0.3357142857142857,0.33475783475783477,True,353,352
CC938-4,False,0.3357142857142857,0.23500000000000001,False,297,421
CC966-1,False,0.2521186440677966,0.21212121212121213,False,475,562
CE417-1,False,0.25085836909871245,0.24978632478632476,True,469,469
CE417-3,False,0.25085836909871245,0.24978632478632476,True,469,469
CE417-6,False,0.25085836909871245,0.24978632478632476,True,469,469
CE525-2,False,0.2510548523206751,0.20877192982456141,False,477,571
CE604-1,False,0.33316831683168313,0.33482587064676617,True,205,202
CE712-2,False,0.25096660808435856,0.2505263157894737,True,572,571
CF946-6,False,0.33843648208469057,0.29601139601139603,False,310,352
CJ261-10,True,0.2,0.25333333333333335,True,686,541
CJ261-6,True,0.2,0.25333333333333335,True,686,541
CJ528-1,False,0.2549450549450549,0.2543859649122807,True,458,457
CK601-2,False,0.2518518518518518,0.21289134438305707,False,461,544
CK601-4,False,0.2519337016574586,0.2519337016574586,True,545,544
CL783-2,False,0.25096359743040686,0.21117117117117118,False,470,556
CM010-10,False,0.2502732240437158,0.2502732240437159,True,551,550
CM010-7,False,0.2502732240437158,0.2502732240437159,True,551,550
CM1073-4,False,0.3336585365853659,0.33529411764705885,True,208,205
CM146-1,False,0.2513715710723192,0.2507462686567164,True,404,403
CM627-1,False,0.25272727272727274,0.25318761384335153,True,552,550
CM627-3,False,0.2528233151183971,0.2528233151183971,True,552,550
CM627-8,False,0.25272727272727274,0.25318761384335153,True,552,550
CM641-1-8,False,0.25201698513800425,0.21158645276292334,False,474,562
CM782-8,False,0.33522458628841606,0.33522458628841606,True,426,424
CM892-5,False,0.25444839857651247,0.25354609929078015,True,565,565
CN473-1,False,0.25163398692810457,0.20698924731182797,False,462,559
CN606-5,False,0.2510504201680672,0.25052410901467503,True,479,478
CO119-8,False,0.25193133047210303,0.21501831501831503,False,469,547
CV306-2,False,0.2555172413793103,0.1349726775956284,False,293,550
DA1054-5,False,0.2544789762340036,0.25355191256830606,True,550,550
DA309-5,False,0.2520426287744227,0.251595744680851,True,566,565
DA684-4,False,0.2515212981744422,0.19135802469135801,False,496,649
DA769-1,False,0.33418367346938777,0.33589743589743587,True,199,196
DA781-4,False,0.2517241379310345,0.16222222222222224,False,380,586
DA925-6,False,0.2532908704883227,0.21612318840579708,False,474,553
DAS678-1,False,0.33926940639269404,0.1769047619047619,False,222,421
DAS706-3,False,0.25813449023861174,0.21794871794871795,False,464,547
DC307-1,True,0.2,0.22170542635658916,True,717,646
DC307-2,False,0.25382978723404254,0.18496124031007752,False,473,646
DC307-7,False,0.2534883720930233,0.2534883720930233,True,648,646
DC932-2,False,0.3343283582089552,0.33432835820895523,True,204,202
DE069-10,False,0.25177304964539005,0.25177304964539005,True,566,565
DE069-2,False,0.25159574468085105,0.25159574468085105,True,566,565
DE069-3,False,0.25159574468085105,0.25159574468085105,True,566,565
DE069-7,False,0.2520430107526882,0.2078014184397163,False,467,565
DE604-3,False,0.2532908704883227,0.21495495495495498,False,474,556
DE842-3,False,0.2522292993630573,0.2522292993630573,True,474,472
DG487-4,False,0.2509025270758123,0.25181159420289856,True,280,277
DHDPI042-3,True,0.19999999999999998,0.20756756756756756,True,578,556
DHDPI042-6,True,0.19999999999999998,0.20756756756756756,True,578,556
DHDPI042-7,False,0.19999999999999998,0.20756756756756756,True,578,556
DHDPI042-8,False,0.19999999999999998,0.20756756756756756,True,578,556
DI358-3,False,0.3334905660377358,0.331924882629108,True,215,214
DJC641-4,False,0.2524416135881104,0.18264208909370197,False,474,652
DL020-3,False,0.25116279069767444,0.21758241758241761,False,476,547
DL266-4,False,0.3336633663366337,0.33532338308457715,True,205,202
DL61-2,False,0.2527075812274368,0.2536231884057971,True,280,277
DL617-6,False,0.2511864406779661,0.11278538812785387,False,298,658
DM1114-6,False,0.25194346289752656,0.2528368794326242,True,286,283
DM235-3,False,0.33434343434343433,0.23642857142857143,False,300,421
DML271-2,False,0.25676691729323303,0.2558052434456929,True,269,268
DML373-2,False,0.25074626865671645,0.2496815286624204,True,472,472
DN340-2,False,0.2540322580645161,0.17403314917127072,False,375,544
DN376-8,False,0.2524731182795699,0.21039426523297491,False,468,559
DN881-6,False,0.3337748344370861,0.14,False,154,361
DRL1048-1,False,0.2511578947368421,0.18410493827160493,False,478,649
DS17-2,False,0.3372365339578454,0.3356643356643357,True,430,430
DS61-1,False,0.3875,0.33879781420765026,False,323,367
DS666-9,False,0.2517970401691332,0.2122994652406417,False,476,562
DS947-2,False,0.2517985611510791,0.25089605734767023,True,281,280
DSE41-2,False,0.25121951219512195,0.2496969696969697,False,495,496
DSM138-5,False,0.25087719298245614,0.25087719298245614,True,573,571
DT336-1,False,0.25331632653061226,0.20817610062893085,False,395,478
DT336-2,False,0.25303983228511534,0.25303983228511534,True,480,478
DV116-3,False,0.3362857142857143,0.3353276353276353,True,353,352
DV305-3,False,0.334841628959276,0.2144927536231884,False,224,346
DV728-6,False,0.2515923566878981,0.21703296703296704,False,474,547
DV728-7,False,0.2513440860215054,0.17124542124542125,False,375,547
DY236-4,False,0.3338235294117647,0.22254901960784312,False,275,409
EA32-6,False,0.33873626373626375,0.3,False,367,412
EC234-5,False,0.2543010752688172,0.25430107526881723,True,375,373
EE656-3,False,0.2515679442508711,0.15427350427350428,False,290,469
EH309-8,False,0.25137420718816067,0.21776556776556774,False,476,547
EH315-3,False,0.2528985507246377,0.2585185185185185,True,554,541
EH315-8,False,0.2528985507246377,0.2585185185185185,True,554,541
EH512-10,False,0.34436619718309863,0.34680851063829793,True,145,142
EJ393-3,False,0.2511530398322851,0.5787439613526569,True,480,208
FA344-5,False,0.2530612244897959,0.25357873210633947,True,493,490
FA662-6,False,0.25142857142857145,0.21185185185185187,False,458,541
FC048-6,False,0.2568421052631579,0.2016528925619835,False,288,364
FC1164-11,False,0.25268595041322317,0.25320910973084887,True,487,484
FD156-4,False,0.2518987341772152,0.21630434782608696,False,477,553
FE14-020,False,0.2,0.2033898305084746,True,362,355
FF717-4,False,0.25137420718816067,0.21776556776556777,False,476,547
FH658-4,False,0.2506194690265487,0.25106382978723407,True,568,565
FM162-6,False,0.25082568807339445,0.25036630036630036,True,548,547
FM864-7,False,0.25793357933579336,0.25888888888888884,True,274,271
FN852-1,False,0.2513215859030837,0.17689922480620154,False,457,646
FS987-5,False,0.3335526315789473,0.33137254901960783,True,155,154
FV709-11,False,0.3355648535564854,0.2191256830601093,False,242,367
GA1087-6,False,0.2529531568228106,0.2237837837837838,False,494,556
GA122-8,False,0.25228426395939085,0.17530864197530865,False,397,568
GA365-1,False,0.3370629370629371,0.33472222222222225,True,146,145
GA425-1,False,0.251906779661017,0.21308243727598564,False,475,559
GA664-1,True,0.19999999999999998,0.25555555555555554,True,738,577
GA664-3,False,0.2537313432835821,0.2065972222222222,False,472,577
GA664-4,True,0.19999999999999998,0.25555555555555554,True,738,577
GA664-8,True,0.19999999999999998,0.25555555555555554,True,738,577
GA703-2-7,False,0.2725714285714286,0.20921052631578949,False,353,457
GA800-4,False,0.2507462686567164,0.2512820512820513,True,472,469
GA817-1-8,False,0.3098958333333333,0.24947589098532494,False,387,478
GA911-3,False,0.3344497607655503,0.3328571428571429,True,212,211
GA982-7,False,0.250752688172043,0.250752688172043,True,468,466
GC340-1,True,0.2,0.2105072463768116,True,583,553
GC340-10,True,0.19999999999999998,0.2503623188405797,True,693,553
GC340-3,True,0.19999999999999998,0.2503623188405797,True,693,553
GC381-10,False,0.25040485829959513,0.22049910873440284,False,497,562
GC658-3,False,0.2536764705882353,0.2541436464088398,True,546,544
GC658-9,False,0.2517621145374449,0.21049723756906077,False,456,544
GC702-6,False,0.3094298245614035,0.3094298245614035,True,459,457
GC836-1,False,0.2528784648187633,0.2534188034188034,True,472,469
GC836-4,False,0.2528784648187633,0.2534188034188034,True,472,469
GC851-5,False,0.3337110481586402,0.3327683615819209,True,356,355
GD391-8,False,0.2511669658886894,0.2507168458781362,True,560,559
GD391-9,False,0.25137420718816067,0.21308243727598566,False,476,559
GE218-3,False,0.25095652173913047,0.12691292875989446,False,578,1138
GE294-4,False,0.3348148148148149,0.3348148148148148,True,408,406
GE663-5,False,0.25392781316348195,0.25392781316348195,True,474,472
GE843-2,False,0.3338095238095238,0.33380952380952383,True,213,211
GF083-5,False,0.2547892720306513,0.2547892720306513,True,264,262
GF1042-1-3,False,0.25602536997885833,0.22058287795992712,False,476,550
GF1042-2-6,False,0.2551063829787234,0.2545647558386412,True,473,472
GF667-1-1,False,0.2529100529100529,0.171326164874552,False,381,559
GF667-2-6,False,0.25161290322580643,0.17142857142857143,False,375,547
GF976-4,False,0.33504043126684635,0.29808153477218224,False,374,418
GG677-5,False,0.25141700404858297,0.18904109589041096,False,497,658
GJ165-5,False,0.2539083557951482,0.17444444444444446,False,374,541
GJ191-1,False,0.25144404332129966,0.25099099099099104,True,557,556
GJ285-1,False,0.25068493150684934,0.25,True,368,367
GJ316-1,False,0.2510460251046025,0.2127659574468085,False,481,565
GM213-2,False,0.3352631578947368,0.3317708333333333,True,193,193
GM293-2,False,0.25369718309859157,0.25414462081128747,True,571,568
GM293-3,False,0.25295698924731186,0.16596119929453265,False,375,568
GM456-3,False,0.2536723163841808,0.24944444444444444,False,357,361
GM537-7,False,0.2530797101449275,0.2517117117117117,False,555,556
GM858-1-3,False,0.252212389380531,0.25165562913907286,True,455,454
GM858-2-6,False,0.25110619469026546,0.25055187637969095,True,455,454
GML002-7,False,0.25126050420168067,0.25073375262054504,True,479,478
GNB477-5,False,0.3365853658536585,0.2936170212765957,False,372,424
GRSO424-8,False,0.25231958762886597,0.20654008438818566,False,391,475
GS205-2,False,0.2517777777777778,0.2086556169429098,False,452,544
GS205-6,False,0.2517431192660551,0.252670349907919,True,547,544
GS220-2,False,0.3329577464788733,0.3338983050847458,True,358,355
GS334-6,True,0.19999999999999996,0.2501831501831502,True,685,547
GS349-4,False,0.33514150943396226,0.3359338061465721,True,427,424
GS400-7,False,0.25052410901467503,0.21415770609318996,False,480,559
GS415-5,False,0.25184381778741866,0.21381215469613257,False,464,544
GS430-1,False,0.25065789473684214,0.20934065934065937,False,458,547
GS430-2,False,0.25054945054945055,0.25054945054945055,True,548,547
GS430-9,False,0.25067385444743934,0.17032967032967034,False,374,547
GS490-2,False,0.2517985611510791,0.25225225225225223,True,558,556
GS490-4,False,0.2517970401691332,0.2145945945945946,False,476,556
GS490-7,True,0.19999999999999998,0.2518918918918919,True,701,556
GS490-_6,False,0.2517985611510791,0.25225225225225223,True,558,556
GS611-3,False,0.2505030181086519,0.22074468085106383,False,500,565
GS611-4,False,0.2505030181086519,0.22074468085106383,False,500,565
GS753-8,False,0.25346320346320345,0.21213768115942028,False,465,553
GS811-3,False,0.25204991087344025,0.2520499108734403,True,564,562
GS826-2,False,0.2533088235294118,0.2537753222836096,True,547,544
GS955-7,False,0.2522202486678508,0.25177304964539005,True,566,565
GS980-2,False,0.2513157894736842,0.17023172905525846,False,383,562
GSS052-2,False,0.2542410714285714,0.25480984340044743,True,451,448
GSS052-6,False,0.2542410714285714,0.25480984340044743,True,451,448
GT353-3,False,0.3348780487804878,0.33406326034063255,True,413,412
GUDPI077-8,False,0.3397058823529412,0.3407079646017699,True,343,340
HA1040-4,False,0.24969939879759517,0.21859649122807018,False,502,571
HC459-6,False,0.25432780847145486,0.25432780847145486,True,546,544
HC724-5,False,0.2515228426395939,0.2077568134171908,False,397,478
HE377-4,False,0.25148305084745765,0.21158645276292334,False,475,562
HE469-5,False,0.25063291139240507,0.2129032258064516,False,477,559
HF71-3,False,0.251255230125523,0.2140819964349376,False,481,562
HL369-6,False,0.3333333333333333,0.14444444444444443,False,159,361
HM214-2-9,False,0.25115789473684214,0.2137992831541219,False,478,559
HM69-4,False,0.25374732334047106,0.21467391304347827,False,470,553
HS15-11,False,0.33716814159292036,0.21166666666666667,False,229,361
HS160-4,False,0.2517543859649123,0.2517543859649123,True,459,457
HS893-8,False,0.2507168458781362,0.2507168458781362,True,561,559
HV298-8,False,0.3345505617977528,0.2876811594202898,False,359,415
IZ1001-1,False,0.25176211453744496,0.2104972375690608,False,457,544
JC858-4,False,0.256639566395664,0.17344322344322344,False,372,547
JE021-4,False,0.25352622061482827,0.25261261261261264,True,556,556
JL073-6,False,0.2513215859030837,0.20897435897435898,False,457,547
JM1088-1,False,0.25295315682281055,0.22747252747252747,False,494,547
JS292-7,False,0.25333333333333335,0.25333333333333335,True,573,571
JS292-8,False,0.25336927223719674,0.1649122807017544,False,374,571
KA474-5,False,0.2510504201680672,0.25052410901467503,True,479,478
KD774-4,False,0.3357723577235773,0.25182926829268293,False,372,493
KF460-11,False,0.25498392282958204,0.16520833333333335,False,314,481
KF460-3,False,0.25461538461538463,0.20687500000000003,False,393,481
KF460-4,False,0.25461538461538463,0.20687500000000003,False,393,481
KF460-5,False,0.25498392282958204,0.16520833333333335,False,314,481
KF460-7,False,0.25498392282958204,0.16520833333333335,False,314,481
KJ1077-3,False,0.249895178197065,0.21022927689594356,False,480,568
KJ426-9,False,0.33380281690140845,0.33380281690140845,True,216,214
KT573-4,False,0.3380681818181818,0.2895377128953771,False,355,412
LA1012-5,False,0.25185995623632385,0.25241228070175437,True,460,457
LA1071-6,False,0.25160599571734477,0.20833333333333334,False,470,565
LA367-4,False,0.25293072824156304,0.25248226950354613,True,566,565
LA386-4,False,0.25106382978723407,0.16827094474153298,False,379,562
LA467-2,False,0.25106951871657757,0.1738888888888889,False,377,541
LA733-3,False,0.3341121495327103,0.33101851851851855,True,217,217
LA825-5,False,0.25382978723404254,0.21612318840579708,False,473,553
LAC959-6,False,0.2524193548387097,0.16827956989247314,False,375,559
LBE649-3,False,0.2539149888143177,0.2539149888143177,True,450,448
LBE857-1,False,0.3352941176470588,0.3352941176470588,True,156,154
LBM519-1,False,0.2536764705882353,0.25274725274725274,False,546,547
LBM519-10,False,0.2537777777777778,0.20915750915750916,False,452,547
LBM659-6,False,0.3361516034985423,0.28469135802469137,False,346,406
LBR602-1,False,0.3333333333333333,0.3333333333333333,True,213,211
LBS371-1-8,False,0.2540254237288136,0.18589147286821706,False,475,646
LC161-1-4,False,0.2531868131868132,0.25263157894736843,True,458,457
LC161-2-5,False,0.2534065934065934,0.25285087719298244,True,458,457
LC47-8,False,0.2543103448275862,0.21851851851851853,False,467,541
LC498-2,False,0.25388026607538805,0.21203703703703702,False,454,541
LC648-1,False,0.25221052631578944,0.25274261603375525,True,478,475
LC648-2,False,0.25277777777777777,0.21118143459915611,False,399,475
LC765-2,False,0.3357487922705314,0.3357487922705314,True,210,208
LCF544-2,False,0.33371757925072043,0.2797101449275362,False,350,415
LCF979-1,False,0.2537671232876712,0.13279569892473117,False,295,559
LE679-8,False,0.33760217983651225,0.2992753623188406,False,370,415
LEG557-3,False,0.3352601156069364,0.2822384428223844,False,349,412
LFA766-1,False,0.3346534653465347,0.3363184079601991,True,205,202
LG168-3,False,0.2510548523206751,0.2132616487455197,False,477,559
LGA21-6,False,0.33513513513513515,0.30392156862745096,False,373,409
LGA881-1-2,False,0.25625,0.257487922705314,True,211,208
LGA881-2-5,False,0.2547683923705722,0.25546448087431695,True,370,367
LH1169-8,False,0.25073684210526315,0.2169398907103825,False,478,550
LHV745-7,False,0.2519148936170213,0.21218637992831543,False,473,559
LK523-2,False,0.34460784313725484,0.3446078431372549,True,207,205
LK584-2,False,0.2530685920577617,0.2526126126126126,True,557,556
LK584-3,False,0.2530685920577617,0.2526126126126126,True,557,556
LL1196-5,False,0.25241730279898217,0.17495590828924162,False,396,568
LL854-1,False,0.2543429844097996,0.25377777777777777,True,452,451
LLA399-2,False,0.3347721822541967,0.33238095238095244,False,420,421
LLN757-6,False,0.25184135977337113,0.16282051282051282,False,356,547
LLN873-1,False,0.2538321167883212,0.25336976320582877,True,551,550
LM184-3,False,0.3371980676328503,0.3371980676328503,True,417,415
LM184-4,False,0.3371980676328503,0.3371980676328503,True,417,415
LM335-7,False,0.25115789473684214,0.21612318840579708,False,478,553
LM844-1,False,0.3334883720930233,0.33194444444444443,True,218,217
LM985-4,False,0.33540669856459326,0.3338095238095238,True,212,211
LMMG218-1-10,False,0.2523305084745763,0.2145945945945946,False,475,556
LN233-3,False,0.334841628959276,0.1761904761904762,False,224,421
LNA592-8,False,0.25878524945770065,0.21849816849816853,False,464,547
LNA592-9,False,0.2574311926605505,0.256959706959707,True,548,547
LP181-1,False,0.3337950138504155,0.3347222222222222,True,364,361
LP284-3,False,0.25118644067796614,0.16143790849673204,False,298,460
LS1035-1,False,0.2505415162454874,0.12504504504504504,False,280,556
LS1045-4,False,0.25600858369098717,0.21849816849816853,False,469,547
LS123-3,False,0.25146520146520146,0.25146520146520146,True,549,547
LS359-1-7,False,0.2521739130434783,0.2508905852417303,True,394,394
LS366-1,False,0.3342995169082126,0.3342995169082126,True,210,208
LS93-8,False,0.2511578947368421,0.2049828178694158,False,478,583
LSD500-3,False,0.249789029535865,0.2088183421516755,False,477,568
LSD500-6,False,0.25,0.2495590828924162,True,569,568
LT1112-5,False,0.2511226252158894,0.2511226252158894,True,582,580
LT634-4,False,0.2526032315978456,0.25215053763440864,True,560,559
LTE064-1,False,0.2505357142857143,0.2500891265597148,True,562,562
LTE064-5,False,0.2503157894736842,0.21194295900178253,False,478,562
LTE064-8,False,0.25010660980810234,0.20909090909090908,False,471,562
LV366-6,False,0.25131004366812226,0.25076252723311543,True,461,460
LV488-7,False,0.2523305084745763,0.21117021276595746,False,475,565
LV613-2,False,0.25247311827956986,0.25085470085470085,False,468,469
LV683-2-3,False,0.25242290748898677,0.20537634408602148,False,457,559
LV683-2-8,False,0.25268817204301075,0.25268817204301075,True,560,559
LV723-1,False,0.25137420718816067,0.21194295900178253,False,476,562
LV723-9,False,0.25165394402035624,0.17629233511586453,False,396,562
LYI1079-2,False,0.3339805825242719,0.3323671497584541,True,209,208
LZ865-2,False,0.3348039215686274,0.3348039215686274,True,207,205
MA1007-3,False,0.3341584158415842,0.3358208955223881,True,205,202
MA470-5,False,0.25274725274725274,0.25274725274725274,True,276,274
MA488-3,False,0.25052447552447554,0.25008726003490406,True,575,574
MA505-1,False,0.2532051282051282,0.21467391304347827,False,470,553
MA505-2,False,0.25316455696202533,0.2536231884057971,True,555,553
MA595-5,False,0.25254237288135595,0.2514767932489452,True,475,475
MA752-1,False,0.2517699115044248,0.21191806331471136,False,455,538
MA797-4,False,0.25063291139240507,0.17647058823529413,False,398,562
MA797-7,False,0.2503157894736842,0.21194295900178253,False,478,562
MA8-2,False,0.3334905660377359,0.331924882629108,True,215,214
MA885-10,False,0.25376569037656904,0.21738351254480287,False,481,559
MAS094-2,False,0.25241502683363154,0.25286738351254484,True,561,559
MAS094-5,False,0.25241502683363154,0.25286738351254484,True,561,559
MAS203-4,False,0.250990990990991,0.250990990990991,True,557,556
MAS203-6,False,0.25130434782608696,0.20828828828828827,False,462,556
MC373-5,False,0.2509240246406571,0.251440329218107,True,490,487
MC427-1,False,0.33317307692307685,0.3347826086956522,True,211,208
MC663-7,False,0.25070993914807305,0.21914893617021278,False,496,565
MC710-3,False,0.2510489510489511,0.24930555555555556,True,289,289
MC833-6,False,0.33404255319148934,0.33404255319148934,True,144,142
MC933-2,False,0.25040431266846364,0.16648745519713262,False,374,559
MDCH869-4,False,0.25356371490280777,0.2174074074074074,False,466,541
ME378-4,False,0.3392045454545455,0.2863309352517986,False,355,418
ME540-11,False,0.25,0.1712707182320442,False,375,544
ME540-7,False,0.25009208103130753,0.25009208103130753,True,546,544
ME577-7,False,0.2523206751054852,0.2373015873015873,False,477,505
ME799-5,False,0.25415778251599147,0.20802792321116928,False,472,574
MF532-3,False,0.25365853658536586,0.25365853658536586,True,372,370
MG1147-6,False,0.25254691689008046,0.1679144385026738,False,376,562
MI820-4,False,0.2523636363636364,0.2528233151183971,True,553,550
MJ402-10,False,0.251063829787234,0.2114695340501792,False,473,559
ML585-2,False,0.25177304964539005,0.25177304964539005,True,567,565
ML954-3,False,0.2510775862068966,0.21105072463768115,False,467,553
MM1134-3,False,0.25269709543568464,0.25217391304347825,True,485,484
MM334-5,False,0.2537084398976982,0.14828101644245142,False,394,670
MM41-7,False,0.3384615384615385,0.28285714285714286,False,354,421
MM445-2-1,False,0.25156249999999997,0.199822695035461,False,450,565
MM445-2-2,True,0.25336879432624115,0.25336879432624115,True,566,565
MM445-2-9,True,0.20000000000000004,0.2528368794326241,True,715,565
MM834-5,False,0.2525606469002695,0.174487895716946,False,374,538
MM84-8,False,0.25195729537366546,0.251063829787234,True,284,283
MM897-7,False,0.24989473684210525,0.25042194092827,True,478,475
MM912-4,False,0.33619047619047615,0.33619047619047615,True,213,211
MN011-3,False,0.2510822510822511,0.2510822510822511,True,465,463
MN32-6,False,0.2521739130434783,0.1767025089605735,False,394,559
MP228-5,False,0.25093333333333334,0.19727463312368976,False,378,478
MS1034-1,False,0.33459459459459456,0.2947619047619048,False,373,421
MS511-2-3,False,0.2535031847133758,0.2174863387978142,False,474,550
MS565-10,False,0.25295404814004374,0.2535087719298246,True,460,457
MS624-4,False,0.2523978685612788,0.2519503546099291,True,566,565
MS624-6,False,0.2523978685612788,0.2519503546099291,True,566,565
MS624-7,False,0.2523978685612788,0.2519503546099291,True,566,565
MS624-8,False,0.2523978685612788,0.2519503546099291,True,566,565
MT351-4,False,0.25161290322580643,0.25161290322580643,True,282,280
MT520-4,False,0.25416666666666665,0.21462962962962964,False,459,541
MV750-5,False,0.33474178403755867,0.33474178403755867,True,216,214
MV930-2,False,0.3349282296650718,0.3333333333333333,True,212,211
NA834-7,False,0.25098039215686274,0.2121546961325967,False,462,544
NC636-4,False,0.2537634408602151,0.20301075268817206,False,375,466
ND1068-3,False,0.3343137254901961,0.3343137254901961,True,207,205
NE429-4,False,0.2518105849582173,0.16648250460405156,False,362,544
NK206-3,False,0.33402061855670107,0.33230769230769236,True,197,196
OA170-11,False,0.2503424657534246,0.1317117117117117,False,295,556
OA333-6,False,0.2530141843971631,0.2530141843971631,True,568,565
OC110-5,False,0.33610315186246414,0.33418803418803417,True,352,352
OF387-2,False,0.2509283819628647,0.16953405017921147,False,380,559
OF960-2,False,0.25308310991957106,0.1700900900900901,False,376,556
OJ319-10,False,0.25161987041036715,0.25216450216450215,True,466,463
OJ319-2,False,0.25140388768898486,0.2519480519480519,True,466,463
OJ319-3,False,0.25140388768898486,0.2519480519480519,True,466,463
OJ319-5,False,0.25140388768898486,0.2519480519480519,True,466,463
OJ319-6,False,0.25140388768898486,0.2519480519480519,True,466,463
OJ319-7,False,0.25140388768898486,0.2519480519480519,True,466,463
OJ319-8,False,0.25140388768898486,0.2519480519480519,True,466,463
OJ319-9,False,0.25140388768898486,0.2519480519480519,True,466,463
OP517-1,False,0.25042194092827,0.21158645276292334,False,477,562
PA1217-8,False,0.2523305084745763,0.2134408602150538,False,475,559
PA145-1,False,0.25170212765957445,0.25116772823779193,True,473,472
PA145-2,False,0.25170212765957445,0.25116772823779193,True,473,472
PA214-5,False,0.2523305084745763,0.21229946524064172,False,476,562
PA276-3,False,0.3339805825242719,0.16618357487922708,False,209,415
PA289-8,False,0.24957983193277314,0.21176470588235297,False,479,562
PA337-4,False,0.2545126353790614,0.2554347826086957,True,280,277
PA731-2-3,False,0.25510752688172045,0.17192028985507246,False,375,553
PA745-3,False,0.25217391304347825,0.21014492753623187,False,463,553
PAS742-3,False,0.33633879781420767,0.29734299516908214,False,369,415
PC55-2,False,0.2524416135881104,0.21308243727598566,False,474,559
PC758-2,False,0.3354368932038835,0.3338164251207729,True,209,208
PC809-7,False,0.25106951871657757,0.16827956989247314,False,377,559
PD496-6,False,0.2513684210526316,0.21513513513513516,False,478,556
PE081-5,False,0.25115044247787605,0.251595744680851,True,568,565
PE256-2,False,0.2574108818011257,0.25692883895131086,True,536,535
PE256-5,False,0.25869565217391305,0.22284644194756553,False,463,535
PE724-1,False,0.3360189573459716,0.33761904761904765,True,214,211
PE83-6,False,0.25114638447971777,0.25114638447971777,True,570,568
PE863-4,True,0.2,0.25448028673835127,True,712,559
PE863-9,True,0.2,0.25448028673835127,True,712,559
PG209-3,False,0.3333333333333333,0.3333333333333333,True,414,412
PH394-2,False,0.251858407079646,0.25230496453900714,True,568,565
PH664-7,False,0.33799999999999997,0.337037037037037,True,353,352
PH783-3,False,0.25080213903743315,0.2508021390374332,True,564,562
PI1027-1,False,0.25331858407079644,0.20742753623188406,False,455,553
PJ533-8,False,0.33496503496503494,0.3326388888888889,True,146,145
PL974-9,False,0.2525423728813559,0.21712204007285976,False,475,550
PM273-6,False,0.249685534591195,0.2157608695652174,False,480,553
PMDPI029-1-1,False,0.25206463195691203,0.2516129032258065,True,560,559
PMDPI029-1-10,False,0.25224416517055653,0.2517921146953405,True,560,559
PMDPI029-1-11,False,0.25224416517055653,0.2517921146953405,True,560,559
PMDPI029-1-2,False,0.25224416517055653,0.2517921146953405,True,560,559
PMDPI029-1-3,False,0.25224416517055653,0.2517921146953405,True,560,559
PMDPI029-1-5,False,0.25224416517055653,0.2517921146953405,True,560,559
PMDPI029-1-6,False,0.25224416517055653,0.2517921146953405,True,560,559
PMDPI029-1-8,False,0.25224416517055653,0.2517921146953405,True,560,559
PMDPI029-1-9,False,0.25224416517055653,0.2517921146953405,True,560,559
PN110-11,False,0.25204819277108437,0.2165631469979296,False,418,484
PN110-9,False,0.25204819277108437,0.2165631469979296,False,418,484
PN636-1-6,False,0.25439189189189193,0.1588607594936709,False,299,475
PO13-3,False,0.33548387096774196,0.24761904761904763,False,313,421
PS148-9,False,0.2517605633802817,0.25220458553791886,True,571,568
PS292-4,True,0.2,0.2528138528138528,True,586,463
PV361-2,False,0.25257548845470695,0.2521276595744681,True,566,565
QA374-7,False,0.33629629629629626,0.33629629629629626,True,138,136
QC211-2,False,0.25082266910420475,0.2512820512820513,True,550,547
QC211-6,False,0.25087719298245614,0.2095238095238095,False,459,547
QC267-7,False,0.25089605734767023,0.25089605734767023,True,561,559
QC267-8,False,0.25088607594936707,0.17759856630824372,False,398,559
QC697-4,False,0.25415778251599147,0.21247771836007132,False,472,562
QD472-3,False,0.3356521739130435,0.3356521739130435,True,348,346
RA361-4,False,0.2561712846347607,0.21055900621118012,False,400,484
RA467-2,False,0.25201465201465206,0.252014652014652,True,276,274
RA580-2,False,0.2531135531135531,0.2531135531135531,True,549,547
RA803-2,False,0.2501052631578947,0.2129032258064516,False,478,559
RA803-4,True,0.20000000000000004,0.25017921146953404,True,700,559
RBC697-1,False,0.2516363636363636,0.2520947176684882,True,553,550
RC1103-1,False,0.2516877637130802,0.21495495495495498,False,477,556
RC54-4,False,0.2547945205479452,0.13262032085561498,False,295,562
RC545-2-5,True,0.2529622980251347,0.2525089605734767,True,559,559
RC545-2-8,True,0.19999999999999998,0.25197132616487455,True,705,559
RC545-2-9,True,0.19999999999999998,0.25197132616487455,True,705,559
RC755-1,False,0.25158562367864695,0.22160148975791433,False,476,538
RC755-3,False,0.25158562367864695,0.22160148975791433,False,476,538
RC755-4,False,0.25158562367864695,0.22160148975791433,False,476,538
RC755-6,False,0.25158562367864695,0.22160148975791433,False,476,538
RC755-7,False,0.25158562367864695,0.22160148975791433,False,476,538
RC755-9,False,0.25158562367864695,0.22160148975791433,False,476,538
RC812-3,False,0.25096418732782366,0.16503623188405797,False,366,553
RD1142-2,False,0.2537366548042705,0.2528368794326242,True,284,283
RD167-7,False,0.25415162454873647,0.255072463768116,True,280,277
RE260-6,False,0.2516245487364621,0.25117117117117116,True,557,556
RE828-1,False,0.2519650655021834,0.25141612200435726,True,461,460
RG434-11,False,0.2506493506493506,0.20864864864864865,False,464,556
RG434-_10,False,0.2507194244604316,0.25117117117117116,True,558,556
RG864-1,False,0.33541076487252125,0.33446327683615823,True,356,355
RG944-2,False,0.2528150134048257,0.16631393298059965,False,376,568
RI273-6,False,0.25213675213675213,0.21611721611721613,False,471,547
RI382-2,False,0.25086206896551727,0.20748663101604278,False,467,562
RK787-3,False,0.33653846153846156,0.33816425120772947,True,211,208
RL461-4,False,0.33664302600472806,0.3366430260047281,True,426,424
RL747-8,False,0.25254691689008046,0.16972972972972974,False,376,556
RL948-2,False,0.3392857142857143,0.28091397849462363,False,311,373
RLFS800-2,False,0.2517985611510791,0.25225225225225223,True,559,556
RM126-1,False,0.2530797101449275,0.2530797101449275,True,555,553
RM126-10,True,0.2,0.2532608695652174,True,701,553
RM126-11,False,0.2537313432835821,0.21557971014492755,False,472,553
RM126-2,False,0.2530797101449275,0.2530797101449275,True,555,553
RM126-4,False,0.2530797101449275,0.2530797101449275,True,555,553
RM126-5,False,0.2530797101449275,0.2530797101449275,True,555,553
RM126-6,True,0.19999999999999998,0.21340579710144927,True,591,553
RM126-7,False,0.2530797101449275,0.2530797101449275,True,555,553
RM126-8,False,0.2530797101449275,0.2530797101449275,True,555,553
RM126-9,False,0.2530797101449275,0.2530797101449275,True,555,553
RM184-1,False,0.2547406082289803,0.25519713261648747,True,562,559
RM29-5,False,0.251219512195122,0.2503472222222223,True,290,289
RM549-1,False,0.25146666666666667,0.25146666666666667,True,378,376
RM855-3,False,0.25372050816696917,0.25326086956521743,True,554,553
RMN410-3,False,0.2510504201680672,0.21766848816029144,False,479,550
RO793-2,False,0.30331632653061225,0.24616977225672876,False,395,484
RS362-4,False,0.3367857142857143,0.22452380952380951,False,283,421
RS363-7,False,0.2511711711711712,0.24982078853046596,False,558,559
RS781-7,False,0.2506361323155216,0.14992389649923896,False,396,658
RV146N2-6,False,0.33816793893129776,0.3394636015325671,True,265,262
RV454-6,False,0.25307855626326964,0.21477477477477477,False,474,556
RV754-4,False,0.2540948275862069,0.2535483870967742,True,467,466
SA288-6,False,0.2529284164859002,0.211231884057971,False,464,553
SC700-1,False,0.2548209366391185,0.2548209366391185,True,366,364
SC818-2,False,0.3359223300970874,0.3342995169082126,True,209,208
SDSA208-4,False,0.2512087912087912,0.21284916201117318,False,458,538
SE040-4,False,0.2509090909090909,0.25,True,278,277
SHE580-7,False,0.34109195402298853,0.2867149758454106,False,352,415
SK902-6,False,0.2518716577540107,0.16881720430107527,False,377,559
SL313-11,False,0.252991452991453,0.18442367601246107,False,471,643
SLM044-1-1,False,0.252801724137931,0.21021505376344085,False,467,559
SM307-1-12,False,0.250709219858156,0.25070921985815603,True,567,565
SM307-1-9,False,0.25095541401273885,0.20957446808510638,False,474,565
SM686-7,False,0.3372093023255814,0.28194444444444444,False,304,361
SN586-8,False,0.25176767676767675,0.25176767676767675,True,399,397
SS527-8,False,0.2527659574468085,0.2140540540540541,False,473,556
SS684-8,False,0.2510582010582011,0.17285974499089254,False,381,550
SS722-8,False,0.25360000000000005,0.17228260869565218,False,378,553
ST586-7,False,0.2536231884057971,0.2536231884057971,True,555,553
TA12-1,False,0.3346341463414634,0.33627450980392154,True,208,205
TA239-2,False,0.2502702702702702,0.2502702702702702,True,558,556
TA656-2,False,0.2524625267665953,0.2519230769230769,True,470,469
TA757-4,False,0.2513715710723192,0.2126582278481013,False,404,475
TA757-9,False,0.2513715710723192,0.2126582278481013,False,404,475
TAS1069-2,False,0.33399014778325115,0.3323529411764706,True,206,205
TC1047-2,False,0.33523035230352305,0.25452674897119343,False,372,487
TH481-5,False,0.2537313432835821,0.21557971014492755,False,472,553
TJ297-4,False,0.33361344537815124,0.28561151079136693,False,360,418
TJ899-2,False,0.25491452991452995,0.21849816849816853,False,471,547
TK319-10,False,0.25202156334231807,0.16578014184397163,False,374,565
TL179-5,False,0.3333333333333333,0.2833333333333333,False,360,421
TL475-7,False,0.33535714285714285,0.22517985611510793,False,283,418
TM272-9,False,0.25447154471544714,0.25447154471544714,True,249,247
TM294-2,False,0.2509283819628647,0.17231329690346087,False,380,550
TM312-2,False,0.2515260323159785,0.2510752688172043,True,560,559
TM312-6,False,0.25145118733509236,0.17078853046594983,False,382,559
TM428-3,False,0.3334905660377358,0.331924882629108,True,215,214
TM981-1,False,0.25462794918330306,0.25416666666666665,True,554,553
TN611-7,False,0.33767705382436264,0.2900243309002433,False,356,412
TN807-3,False,0.2501754385964912,0.2501754385964912,True,288,286
TN888-3,False,0.33426573426573425,0.33194444444444443,True,146,145
TT615-1-8,False,0.2510548523206751,0.2132616487455197,False,477,559
TV1166-4,False,0.25116772823779193,0.25116772823779193,True,474,472
TV654-4,False,0.25122377622377623,0.25078534031413613,True,575,574
VA197-2,False,0.3384615384615385,0.28905109489051095,False,354,412
VA197-5,False,0.3387464387464388,0.28929440389294403,False,354,412
VA225-6,False,0.33455882352941174,0.33455882352941174,True,411,409
VA95-1,False,0.25192982456140356,0.2519298245614035,True,573,571
VC104-2,False,0.25221987315010574,0.2137992831541219,False,476,559
VC581-1,False,0.25308370044052864,0.2536423841059603,True,457,454
VC581-10,False,0.25308370044052864,0.2536423841059603,True,457,454
VC581-11,False,0.25308370044052864,0.2536423841059603,True,457,454
VC581-12,False,0.25308370044052864,0.2536423841059603,True,457,454
VC581-2,False,0.25308370044052864,0.2536423841059603,True,457,454
VC581-3,False,0.25308370044052864,0.2536423841059603,True,457,454
VC581-5,False,0.25308370044052864,0.2536423841059603,True,457,454
VC581-6,False,0.25308370044052864,0.2536423841059603,True,457,454
VC581-7,False,0.25308370044052864,0.2536423841059603,True,457,454
VC789-3,False,0.33529411764705885,0.33529411764705885,True,360,358
VF269-7,False,0.25117967332123414,0.25072463768115943,True,554,553
VH99-3,False,0.2521276595744681,0.2515923566878981,True,473,472
VM195-5,False,0.33816425120772947,0.33816425120772947,True,417,415
VM195-6,False,0.33914285714285713,0.2867149758454106,False,353,415
VM569-7,False,0.2537671232876712,0.13068783068783071,False,295,568
VM570-4,False,0.2563714902807775,0.21621129326047359,False,466,550
VM570-8,False,0.25545454545454543,0.25591985428051,True,553,550
VN484-1,False,0.25169491525423726,0.1824884792626728,False,475,652
VS321-6,False,0.25206073752711494,0.25151515151515147,True,464,463
VS321-7,False,0.25206073752711494,0.25151515151515147,True,464,463
VS510-2,False,0.25133689839572193,0.16666666666666666,False,377,565
VS510-7,False,0.2530141843971631,0.2530141843971631,True,567,565
WA402-7,False,0.2516042780748663,0.1686379928315412,False,377,559
WM472-8,False,0.25052854122621565,0.21467391304347827,False,476,553
WS1048-4,False,0.3343457943925234,0.33356643356643356,True,431,430
WS531-4,False,0.3351162790697675,0.33356481481481487,True,433,433
ZS435-5,False,0.2514038876889849,0.20972972972972975,False,465,556
ZS435-6,False,0.2513464991023339,0.25225225225225223,True,559,556
