video,defects,what_is_wrong_en,what_is_wrong_vi,detail,found_by,best_frame_acc,median_frame_acc,n_configs,median_onset_lag_h,splits
EJ393-3,blank_throughout,Every frame is a featureless bright well; no embryo is visible.,"Mọi frame đều là một đĩa trắng, không thấy phôi.",Annotated tPNf to t8 over 190 labelled frames on blank frames.,model scan + inspection,0.0,0.0,7,-34.2,grouped-v1:test; grouped-v2:train
LV683-2-8,no_division,"The embryo stays a single cell and never divides, while the annotation records divisions.","Phôi không phân chia, vẫn là một tế bào, trong khi chú thích ghi các lần phân chia.",A single cell from 31 h to 118 h; annotated through to blastocyst.,model scan + inspection,0.16152450090744103,0.039927404718693285,70,24.45,grouped-v1:test; grouped-v2:test; official test in fold0
DRL1048-1,no_division,"The embryo stays a single cell and never divides, while the annotation records divisions.","Phôi không phân chia, vẫn là một tế bào, trong khi chú thích ghi các lần phân chia.",A single cell from 24 h to 110 h; annotated through to blastocyst.,model scan + inspection,0.16666666666666666,0.047720797720797715,63,0.0,grouped-v1:train; grouped-v2:train; official test in fold0
GM456-3,no_division+embryo_absent_late,"The embryo stays a single cell and never divides, while the annotation records divisions. The well is empty or a featureless blur late in the recording, while stages are still annotated there.","Phôi không phân chia, vẫn là một tế bào, trong khi chú thích ghi các lần phân chia. Cuối video giếng trống hoặc mờ hẳn, không còn phôi, nhưng chú thích vẫn ghi giai đoạn.","Still one cell at annotated t4 (39 h); from 53 h the frames are a featureless blur with no embryo visible, annotated t8 and tM.",model scan + inspection,0.414985590778098,0.32372718539865514,10,0.0,grouped-v1:train; grouped-v2:test; official test in fold2
CC938-4,annotation_ahead,The annotated onsets run ahead of what the images show.,Chú thích đi trước ảnh: mốc được ghi sớm hơn giai đoạn thấy được.,At annotated t2 (22 h) still one cell with pronuclei; at annotated t8 (48 h) about four to five cells. Runs one to two division stages ahead.,model scan + inspection,0.07053469852104664,0.02161547212741752,8,4.8,grouped-v1:train; grouped-v2:train; official test in fold3
DSE41-2,abrupt_cleavage+out_of_focus_late,"The embryo goes from one cell to a fragmented many-celled mass within minutes (abrupt cleavage from 1 to 3 or more cells, an exclusion criterion in Meseguer et al. 2011). The last frames are an out-of-focus blur.","Phôi từ một tế bào vỡ thành khối nhiều mảnh trong vài phút (phân chia đột ngột, tiêu chí loại phôi). Các frame cuối bị mất nét hoàn toàn.","One cell at 31.6 h (RUN52), a fragmented many-celled mass by 32.4 h (RUN55); the frames are continuous, so this is the embryo, not a recording gap. Annotated tPNf then t6 directly. Annotated tEB (124 h) is out of focus.",model scan + inspection,0.43015521064301554,0.3056171470805617,8,2.7,grouped-v1:train; grouped-v2:train; official test in fold1
RM126-5,annotation_behind+heavy_fragmentation,"The embryo has already cleaved at the frame annotated as a pronuclear stage. Heavy fragmentation makes the cell count, and therefore the stage, unreadable.","Phôi đã phân chia ngay tại frame chú thích ghi là giai đoạn tiền nhân. Phân mảnh nặng khiến không đếm được số tế bào, không xác định được giai đoạn.",Three to four cells with fragments at the annotated t2 frame (36 h).,model scan + inspection,0.27328431372549017,0.2034313725490196,8,-3.2,grouped-v1:train; grouped-v2:train; official test in fold4
RC545-2-9,annotation_behind,The embryo has already cleaved at the frame annotated as a pronuclear stage.,Phôi đã phân chia ngay tại frame chú thích ghi là giai đoạn tiền nhân.,Two to three cells at the annotated tPNf frame (22 h).,model scan + inspection,0.32363636363636367,0.2866666666666666,8,-8.3,grouped-v1:val; grouped-v2:val; official test in fold1
CJ261-10,annotation_behind,The embryo has already cleaved at the frame annotated as a pronuclear stage.,Phôi đã phân chia ngay tại frame chú thích ghi là giai đoạn tiền nhân.,"Two to three cells at raw RUN104, annotated tPNa; pronuclear stages annotated to RUN118 and t2 from RUN119. Verified on raw files.",model scan + inspection,0.35477582846003897,0.2573099415204678,13,-7.6,grouped-v1:test; grouped-v2:train; official test in fold3
RA803-4,annotation_behind,The embryo has already cleaved at the frame annotated as a pronuclear stage.,Phôi đã phân chia ngay tại frame chú thích ghi là giai đoạn tiền nhân.,Three to four cells at the annotated tPNf frame (26 h).,model scan + inspection,0.35727109515260325,0.334230999401556,8,-6.0,grouped-v1:train; grouped-v2:train; official test in fold2
EH315-3,annotation_behind+heavy_fragmentation,"The embryo has already cleaved at the frame annotated as a pronuclear stage. Heavy fragmentation makes the cell count, and therefore the stage, unreadable.","Phôi đã phân chia ngay tại frame chú thích ghi là giai đoạn tiền nhân. Phân mảnh nặng khiến không đếm được số tế bào, không xác định được giai đoạn.",Many cells and fragments already at the annotated tPNf frame (29 h).,model scan + inspection,0.37124060150375937,0.3198621553884712,12,-3.3,grouped-v1:train; grouped-v2:test; official test in fold2
DC307-1,annotation_behind+out_of_focus_late,The embryo has already cleaved at the frame annotated as a pronuclear stage. The last frames are an out-of-focus blur.,Phôi đã phân chia ngay tại frame chú thích ghi là giai đoạn tiền nhân. Các frame cuối bị mất nét hoàn toàn.,Two cells at the annotated tPNf frame (31 h); annotated tB (120 h) is a featureless blur.,model scan + inspection,0.3841719077568135,0.27201257861635225,63,-10.4,grouped-v1:val; grouped-v2:train; official test in fold0
GA664-8,annotation_behind,The embryo has already cleaved at the frame annotated as a pronuclear stage.,Phôi đã phân chia ngay tại frame chú thích ghi là giai đoạn tiền nhân.,Two cells at the annotated tPNf frame (23 h).,model scan + inspection,0.3859338061465721,0.2895981087470449,10,-7.4,grouped-v1:train; grouped-v2:train; official test in fold1
CJ261-6,annotation_behind,The embryo has already cleaved at the frame annotated as a pronuclear stage.,Phôi đã phân chia ngay tại frame chú thích ghi là giai đoạn tiền nhân.,Two cells at the annotated tPNf frame (22 h).,model scan + inspection,0.38930817610062896,0.34591194968553457,5,-8.2,grouped-v1:test; grouped-v2:train
DHDPI042-6,annotation_behind+embryo_absent_late,"The embryo has already cleaved at the frame annotated as a pronuclear stage. The well is empty or a featureless blur late in the recording, while stages are still annotated there.","Phôi đã phân chia ngay tại frame chú thích ghi là giai đoạn tiền nhân. Cuối video giếng trống hoặc mờ hẳn, không còn phôi, nhưng chú thích vẫn ghi giai đoạn.",Two to three cells at the annotated tPNf frame (24 h); the well is empty at annotated tM (89 h) and tB (99 h).,model scan + inspection,0.3936624009750152,0.3238878732480195,10,-9.5,grouped-v1:train; grouped-v2:train; official test in fold4
BC254-1,annotation_behind,The embryo has already cleaved at the frame annotated as a pronuclear stage.,Phôi đã phân chia ngay tại frame chú thích ghi là giai đoạn tiền nhân.,Two to three cells at the annotated tPNf frame (20 h).,model scan + inspection,0.3953488372093023,0.3717948717948718,10,-8.8,grouped-v1:train; grouped-v2:train; official test in fold2
AAL839-6,annotation_behind+embryo_absent_late,"The embryo has already cleaved at the frame annotated as a pronuclear stage. The well is empty or a featureless blur late in the recording, while stages are still annotated there.","Phôi đã phân chia ngay tại frame chú thích ghi là giai đoạn tiền nhân. Cuối video giếng trống hoặc mờ hẳn, không còn phôi, nhưng chú thích vẫn ghi giai đoạn.",About four cells at the annotated tPNf frame (22 h); no embryo in the well at annotated tB (107 h).,model scan + inspection,0.4080882352941176,0.39828431372549017,7,-6.3,grouped-v1:test; grouped-v2:test
RM126-6,embryo_absent_late,"The well is empty or a featureless blur late in the recording, while stages are still annotated there.","Cuối video giếng trống hoặc mờ hẳn, không còn phôi, nhưng chú thích vẫn ghi giai đoạn.",The well is empty at annotated tB (99 h).,model scan + inspection,0.3716759431045145,0.35745207173778604,8,-9.4,grouped-v1:train; grouped-v2:train; official test in fold1
OC110-5,embryo_absent_late,"The well is empty or a featureless blur late in the recording, while stages are still annotated there.","Cuối video giếng trống hoặc mờ hẳn, không còn phôi, nhưng chú thích vẫn ghi giai đoạn.","Four cells visible at 53 h; from 75 h to 142 h the well is a featureless blur, and all of it is annotated t8, about 70 hours of 8-cell labels on frames with no embryo.",image scan + inspection,,,,,grouped-v1:train; grouped-v2:val; official test in fold1
DV116-3,embryo_absent_late,"The well is empty or a featureless blur late in the recording, while stages are still annotated there.","Cuối video giếng trống hoặc mờ hẳn, không còn phôi, nhưng chú thích vẫn ghi giai đoạn.","Embryo visible to t5 (48 h); from 72 h to 141 h the well is a featureless blur, annotated t8 throughout.",image scan + inspection,,,,,grouped-v1:train; grouped-v2:train
GC340-1,embryo_absent_late,"The well is empty or a featureless blur late in the recording, while stages are still annotated there.","Cuối video giếng trống hoặc mờ hẳn, không còn phôi, nhưng chú thích vẫn ghi giai đoạn.","Embryo visible at t2 (30 h); empty well from tSB (97 h) to tEB (112 h), before any hatching.",image scan + inspection,,,,,grouped-v1:val; grouped-v2:train; official test in fold1
QC267-8,embryo_absent_late,"The well is empty or a featureless blur late in the recording, while stages are still annotated there.","Cuối video giếng trống hoặc mờ hẳn, không còn phôi, nhưng chú thích vẫn ghi giai đoạn.","Embryo visible at t2 (27 h); a featureless disc from 94 h to 100 h, annotated tM.",image scan + inspection,,,,,grouped-v1:train; grouped-v2:val
FV709-11,embryo_absent_late,"The well is empty or a featureless blur late in the recording, while stages are still annotated there.","Cuối video giếng trống hoặc mờ hẳn, không còn phôi, nhưng chú thích vẫn ghi giai đoạn.","Embryo visible at t5 (48 h); featureless well from 96 h to 100 h, annotated tSB.",image scan + inspection,,,,,grouped-v1:train; grouped-v2:test
PO13-3,embryo_absent_late,"The well is empty or a featureless blur late in the recording, while stages are still annotated there.","Cuối video giếng trống hoặc mờ hẳn, không còn phôi, nhưng chú thích vẫn ghi giai đoạn.","Embryo visible at t2 (31 h); featureless well from 99 h to 105 h, annotated tSB.",image scan + inspection,,,,,grouped-v1:train; grouped-v2:val; official test in fold4
PMDPI029-1-8,embryo_absent_late,"The well is empty or a featureless blur late in the recording, while stages are still annotated there.","Cuối video giếng trống hoặc mờ hẳn, không còn phôi, nhưng chú thích vẫn ghi giai đoạn.","Embryo visible at t2 (38 h); featureless well from 124 h to 138 h, annotated tB.",image scan + inspection,,,,,grouped-v1:train; grouped-v2:train; official test in fold2
ST586-7,embryo_absent_late,"The well is empty or a featureless blur late in the recording, while stages are still annotated there.","Cuối video giếng trống hoặc mờ hẳn, không còn phôi, nhưng chú thích vẫn ghi giai đoạn.",Normal to tSB (115 h); at annotated tB (141 h) the well is featureless.,image scan + inspection,,,,,grouped-v1:val; grouped-v2:train; official test in fold2
RM126-4,embryo_absent_late,"The well is empty or a featureless blur late in the recording, while stages are still annotated there.","Cuối video giếng trống hoặc mờ hẳn, không còn phôi, nhưng chú thích vẫn ghi giai đoạn.","Expanded blastocyst at 114 h; the well is empty at 141 h, annotated tEB; possibly hatched out of view.",image scan + inspection,,,,,grouped-v1:train; grouped-v2:train; official test in fold4
RM126-8,embryo_absent_late,"The well is empty or a featureless blur late in the recording, while stages are still annotated there.","Cuối video giếng trống hoặc mờ hẳn, không còn phôi, nhưng chú thích vẫn ghi giai đoạn.","Empty well from 122 h to 141 h, annotated tEB; possibly hatched out of view.",image scan + inspection,,,,,grouped-v1:train; grouped-v2:train; official test in fold3
RM126-9,embryo_absent_late,"The well is empty or a featureless blur late in the recording, while stages are still annotated there.","Cuối video giếng trống hoặc mờ hẳn, không còn phôi, nhưng chú thích vẫn ghi giai đoạn.","Empty well from 122 h to 141 h, annotated tEB; possibly hatched out of view.",image scan + inspection,,,,,grouped-v1:train; grouped-v2:train; official test in fold3
LM184-4,embryo_absent_late,"The well is empty or a featureless blur late in the recording, while stages are still annotated there.","Cuối video giếng trống hoặc mờ hẳn, không còn phôi, nhưng chú thích vẫn ghi giai đoạn.","Empty well from 122 h to 140 h, annotated tEB; possibly hatched out of view.",image scan + inspection,,,,,grouped-v1:train; grouped-v2:train; official test in fold3
BE327-2,dark_frames+embryo_absent_late,"Frames in the middle of the recording are under-exposed to near black, so the embryo is barely visible. The well is empty or a featureless blur late in the recording, while stages are still annotated there.","Có các frame giữa video bị tối đen do lỗi phơi sáng, gần như không thấy phôi. Cuối video giếng trống hoặc mờ hẳn, không còn phôi, nhưng chú thích vẫn ghi giai đoạn.","A near-black frame around 56 h (annotated t4); the well is empty at 120 h, annotated tEB.",image scan + inspection,,,,,grouped-v1:train; grouped-v2:train; official test in fold0
BC277-10,dark_frames,"Frames in the middle of the recording are under-exposed to near black, so the embryo is barely visible.","Có các frame giữa video bị tối đen do lỗi phơi sáng, gần như không thấy phôi.","Under-exposed, near-black frames from 40 h to 49 h, annotated t2 and t4.",image scan + inspection,,,,,grouped-v1:test; grouped-v2:test
BG201-1,dark_frames,"Frames in the middle of the recording are under-exposed to near black, so the embryo is barely visible.","Có các frame giữa video bị tối đen do lỗi phơi sáng, gần như không thấy phôi.","Under-exposed frames from 55 h to 70 h, annotated t4.",image scan + inspection,,,,,grouped-v1:train; grouped-v2:train
FM864-7,dark_frames,"Frames in the middle of the recording are under-exposed to near black, so the embryo is barely visible.","Có các frame giữa video bị tối đen do lỗi phơi sáng, gần như không thấy phôi.","Under-exposed frames from 60 h to 67 h, annotated t4.",image scan + inspection,,,,,grouped-v1:train; grouped-v2:train; official test in fold3
DSM138-5,dark_frames,"Frames in the middle of the recording are under-exposed to near black, so the embryo is barely visible.","Có các frame giữa video bị tối đen do lỗi phơi sáng, gần như không thấy phôi.","Under-exposed frames from 58 h to 67 h, annotated t4.",image scan + inspection,,,,,grouped-v1:train; grouped-v2:train; official test in fold1
BS777-8,dark_frames,"Frames in the middle of the recording are under-exposed to near black, so the embryo is barely visible.","Có các frame giữa video bị tối đen do lỗi phơi sáng, gần như không thấy phôi.","Near-black frames from 104 h to 113 h, annotated tM.",image scan + inspection,,,,,grouped-v1:train; grouped-v2:train
TM312-2,dark_frames,"Frames in the middle of the recording are under-exposed to near black, so the embryo is barely visible.","Có các frame giữa video bị tối đen do lỗi phơi sáng, gần như không thấy phôi.","Dark, low-contrast frames from 99 h to 113 h, annotated t9+ and tM.",image scan + inspection,,,,,grouped-v1:train; grouped-v2:train; official test in fold3
MAS203-4,dark_frames,"Frames in the middle of the recording are under-exposed to near black, so the embryo is barely visible.","Có các frame giữa video bị tối đen do lỗi phơi sáng, gần như không thấy phôi.","An exposure-artefact frame around 59 h, annotated t3, in which the embryo is barely visible.",image scan + inspection,,,,,grouped-v1:train; grouped-v2:train; official test in fold2
AM365-7,out_of_focus_mid,"Frames in the middle of the recording are out of focus, so the cells cannot be counted.","Có các frame giữa video bị mất nét, không đếm được tế bào.","Embryo out of focus from 74 h to 90 h, annotated t9+ and tM.",image scan + inspection,,,,,grouped-v1:test; grouped-v2:test; official test in fold0
BC396-1,heavy_fragmentation,"Heavy fragmentation makes the cell count, and therefore the stage, unreadable.","Phân mảnh nặng khiến không đếm được số tế bào, không xác định được giai đoạn.",From 36 h the embryo is a mass of fragments; stage not readable.,model scan + inspection,0.355119825708061,0.2962962962962963,15,-6.6,grouped-v1:test; grouped-v2:test; official test in fold4
PMDPI029-1-9,out_of_focus_late,The last frames are an out-of-focus blur.,Các frame cuối bị mất nét hoàn toàn.,"Frames from 133 h to 142 h, annotated tHB, are blurred.",image scan + inspection,,,,,grouped-v1:train; grouped-v2:train
