run,kind,lam,p_v_viterbi,p_v_hsmm,p_t_viterbi,p_t_hsmm,edit_viterbi,edit_hsmm,f1_50_viterbi,f1_50_hsmm,mae_viterbi,mae_hsmm,skipped_viterbi,skipped_hsmm,p_t_flat_seg_markov
convnext_tiny_lstm_L8_split0_seed0,flat,0.0,0.6888,0.6953,0.6451,0.6656,67.66,77.67,58.17,53.30,3.431,3.523,257,108,0.6656
efficientnet_b0_lstm_L8_split0_seed0,empirical,1.0,0.6762,0.6759,0.6162,0.6373,72.72,72.51,57.91,58.09,3.974,3.957,203,206,0.6335
efficientnet_v2_l_none_imagesplit_seed0,flat,0.0,0.9359,0.9372,0.8862,0.9009,89.01,90.07,90.12,89.70,0.649,0.600,613,322,0.9009
efficientnet_v2_l_none_split0_seed0,empirical,0.5,0.7216,0.7226,0.6948,0.6995,77.70,79.56,61.10,60.83,2.981,2.967,145,119,0.6977
kinetic_cnn_lstm_L4_split0_seed0,empirical,1.0,0.5796,0.5779,0.3690,0.3827,61.01,54.96,42.55,44.34,5.698,5.825,302,358,0.3780
r2plus1d_L8_split0_seed0,empirical,1.0,0.7090,0.7106,0.6925,0.6992,73.28,73.96,60.11,62.33,3.112,3.093,195,193,0.7088
r2plus1d_L8_split0_seed1,flat,0.0,0.6929,0.6946,0.6984,0.7115,76.85,83.04,59.54,55.65,3.230,3.188,157,53,0.7115
r2plus1d_L8_split0_seed2,empirical,0.5,0.7094,0.7111,0.7062,0.7144,80.24,81.46,59.87,59.86,3.060,3.032,127,91,0.7138
r2plus1d_L8_split1_seed0,empirical,0.5,0.7096,0.7105,0.6778,0.6883,76.95,79.05,60.32,58.56,3.279,3.262,143,97,0.6847
r2plus1d_L8_split2_seed0,empirical,1.0,0.7198,0.7183,0.6941,0.6948,76.95,75.51,58.29,61.22,3.025,2.977,158,173,0.6961
r2plus1d_L8_split3_seed0,gamma,0.5,0.7340,0.7347,0.7319,0.7363,76.76,80.35,62.37,60.04,2.752,2.714,143,87,0.7407
r2plus1d_L8_split4_seed0,flat,0.0,0.7456,0.7483,0.7088,0.7179,76.46,85.28,63.00,56.96,2.730,2.666,167,18,0.7179
resnet18_diffactlite_L16_split0_seed0,gamma,1.0,0.5888,0.5959,0.4700,0.4717,58.95,53.66,42.58,46.37,5.335,5.274,322,368,0.4794
resnet18_diffactlite_L16_split0_seed1,gamma,0.5,0.5307,0.5370,0.3710,0.3739,57.93,53.85,35.25,37.87,7.101,7.034,335,365,0.3862
resnet18_diffactlite_L16_split0_seed2,flat,0.0,0.5215,0.5271,0.3756,0.3954,58.90,67.20,38.64,37.86,6.757,6.643,322,214,0.3954
resnet18_gru_L8_split0_seed0,flat,0.0,0.6962,0.6999,0.6630,0.6708,69.28,78.10,57.98,54.06,3.223,3.287,223,120,0.6708
resnet18_lstm_L16_split0_seed0,empirical,1.0,0.6938,0.6948,0.6258,0.6431,74.02,73.38,59.36,60.34,3.541,3.527,191,195,0.6292
resnet18_lstm_L4_boundaryloss_split0_seed0,empirical,0.5,0.6865,0.6886,0.6727,0.6832,80.27,80.53,57.14,56.32,3.436,3.432,106,82,0.6750
resnet18_lstm_L4_boundaryloss_split0_seed1,gamma,0.5,0.6878,0.6910,0.6744,0.6823,71.98,79.46,57.47,56.56,3.574,3.514,196,116,0.6843
resnet18_lstm_L4_boundaryloss_split0_seed2,empirical,1.0,0.6746,0.6754,0.6467,0.6549,76.59,76.01,56.45,55.95,3.624,3.623,147,148,0.6544
resnet18_lstm_L4_ceweighted_split0_seed0,empirical,2.0,0.6860,0.6879,0.6266,0.6324,73.15,68.11,57.77,59.94,3.481,3.477,179,231,0.6420
resnet18_lstm_L4_embryodiff_split_seed0,empirical,0.5,0.7095,0.7084,0.6905,0.6903,77.35,79.92,59.81,58.74,3.206,3.207,433,333,0.6916
resnet18_lstm_L4_embryodiff_split_seed1,flat,0.0,0.6990,0.6992,0.6340,0.6471,70.69,83.14,58.74,51.73,3.516,3.457,596,103,0.6471
resnet18_lstm_L4_grouped_v1_seed0,empirical,2.0,0.7143,0.7177,0.6644,0.6753,77.50,72.65,58.70,61.31,3.074,3.054,219,296,0.6695
resnet18_lstm_L4_maeinit_split0_seed0,empirical,1.0,0.6861,0.6859,0.6853,0.6814,78.21,77.71,58.25,59.04,3.512,3.516,131,133,0.6853
resnet18_lstm_L4_multifocal3_split0_seed0,empirical,2.0,0.7181,0.7194,0.6957,0.6951,78.77,75.09,61.86,63.57,3.089,3.102,135,177,0.7020
resnet18_lstm_L4_multifocal3_split0_seed1,empirical,1.0,0.7162,0.7167,0.7104,0.7084,77.01,75.63,60.47,62.00,3.101,3.102,147,159,0.7104
resnet18_lstm_L4_multifocal3_split0_seed2,empirical,0.5,0.7012,0.7026,0.7110,0.7271,77.32,82.44,60.63,58.91,3.113,3.091,162,102,0.7225
resnet18_lstm_L4_multifocal3_split1_seed0,empirical,0.5,0.7222,0.7232,0.6983,0.7081,79.42,82.99,60.30,59.04,3.398,3.377,114,76,0.7075
resnet18_lstm_L4_multifocal3_split2_seed0,empirical,0.5,0.7434,0.7448,0.7258,0.7285,77.66,79.48,62.38,62.13,2.542,2.519,139,113,0.7294
resnet18_lstm_L4_multifocal3_split3_seed0,flat,0.0,0.7182,0.7183,0.6965,0.7038,78.67,83.73,61.84,58.92,2.751,2.735,114,45,0.7038
resnet18_lstm_L4_multifocal3_split4_seed0,empirical,0.5,0.7394,0.7387,0.7262,0.7353,79.68,81.47,62.18,60.16,2.793,2.787,138,98,0.7264
resnet18_lstm_L4_multifocal7_e20_split0_seed0,empirical,0.5,0.7127,0.7130,0.7034,0.7112,77.74,79.16,60.99,60.72,3.134,3.127,146,124,0.7089
resnet18_lstm_L4_ordinal_split0_seed0,empirical,0.5,0.6808,0.6833,0.6645,0.6630,75.08,77.25,57.12,57.66,3.641,3.610,165,139,0.6694
resnet18_lstm_L4_split0_seed1,gamma,0.5,0.6926,0.6954,0.6565,0.6640,70.97,76.70,57.14,55.65,3.610,3.610,205,143,0.6679
resnet18_lstm_L4_split0_seed2,empirical,0.5,0.6935,0.6965,0.6761,0.6908,76.34,79.18,58.44,57.91,3.335,3.290,166,118,0.6855
resnet18_lstm_L4_split1_seed0,empirical,0.5,0.7222,0.7232,0.6983,0.7081,79.42,82.99,60.30,59.04,3.398,3.377,114,76,0.7075
resnet18_lstm_L4_split2_seed0,empirical,0.5,0.7434,0.7448,0.7258,0.7285,77.66,79.48,62.38,62.13,2.542,2.519,139,113,0.7294
resnet18_lstm_L4_split3_seed0,flat,0.0,0.7182,0.7183,0.6965,0.7038,78.67,83.73,61.84,58.92,2.751,2.735,114,45,0.7038
resnet18_lstm_L4_split4_seed0,empirical,0.5,0.7394,0.7387,0.7262,0.7353,79.68,81.47,62.18,60.16,2.793,2.787,138,98,0.7264
resnet18_mamba_L16_maeinit_split0_seed0,flat,0.0,0.6878,0.6915,0.6431,0.6614,76.17,83.63,57.62,54.25,3.358,3.347,171,50,0.6614
resnet18_mamba_L16_multifocal3_split0_seed0,empirical,0.5,0.6976,0.7014,0.6824,0.6912,74.17,77.85,56.47,55.83,3.276,3.210,180,122,0.6961
resnet18_mamba_L16_split0_seed0,gamma,0.5,0.6882,0.6944,0.6511,0.6596,69.39,75.29,54.05,53.85,3.396,3.310,220,149,0.6695
resnet18_mamba_L16_split0_seed1,flat,0.0,0.6806,0.6868,0.6215,0.6525,69.08,82.09,55.30,49.79,3.617,3.477,229,52,0.6525
resnet18_mamba_L16_split0_seed2,empirical,0.5,0.6993,0.6982,0.6487,0.6596,74.08,75.08,59.11,58.78,3.293,3.264,192,173,0.6556
resnet18_node_L16_split0_seed0,empirical,0.5,0.6771,0.6789,0.5747,0.5936,70.98,73.37,53.43,53.12,3.742,3.695,208,181,0.5863
resnet18_node_L16_split0_seed1,empirical,0.5,0.5611,0.5623,0.4801,0.4873,62.69,60.59,43.45,45.37,5.876,6.035,277,296,0.4972
resnet18_node_L16_split0_seed2,gamma,2.0,0.4214,0.4243,0.1901,0.1900,55.96,38.99,16.88,19.32,10.076,10.171,326,486,0.1912
resnet18_none_imagesplit_seed0,flat,0.0,0.8885,0.8957,0.7923,0.8306,79.95,83.84,81.62,81.45,1.183,1.031,1273,650,0.8306
resnet18_none_split0_seed0,flat,0.0,0.6832,0.6885,0.6318,0.6541,68.33,78.07,56.41,53.34,3.725,3.640,227,108,0.6541
resnet18_none_split0_seed1,empirical,1.0,0.6823,0.6826,0.6677,0.6824,72.99,72.16,57.35,58.86,3.510,3.530,185,199,0.6859
resnet18_none_split0_seed2,empirical,1.0,0.6940,0.6961,0.6805,0.6878,75.77,74.41,57.52,58.83,3.979,3.969,160,179,0.6824
resnet18_none_split1_seed0,empirical,1.0,0.7045,0.7059,0.6392,0.6472,72.57,72.36,58.88,59.43,4.125,4.125,178,186,0.6448
resnet18_none_split2_seed0,empirical,0.5,0.7288,0.7324,0.6728,0.6854,71.00,74.06,60.83,60.90,2.784,2.730,208,182,0.6914
resnet18_none_split3_seed0,flat,0.0,0.7032,0.7080,0.6961,0.7049,71.67,79.61,58.65,56.05,2.814,2.825,189,93,0.7049
resnet18_none_split4_seed0,flat,0.0,0.7407,0.7427,0.6975,0.7240,71.38,82.23,62.34,58.78,2.836,2.737,209,78,0.7240
resnet18_tcn_L16_split0_seed0,empirical,0.5,0.7054,0.7088,0.6961,0.7022,74.20,77.86,60.27,59.83,3.670,3.425,184,141,0.7075
resnet18_tcn_L16_split0_seed1,gamma,1.0,0.6970,0.6977,0.6729,0.6785,73.93,73.30,59.32,60.22,3.435,3.411,191,202,0.6910
resnet18_tcn_L16_split0_seed2,empirical,0.5,0.6941,0.6961,0.6699,0.6775,75.25,80.13,59.43,58.67,3.353,3.302,178,111,0.6780
resnet18_transformer_L16_adamw_split0_seed0,gamma,0.5,0.4937,0.5097,0.3602,0.3708,56.71,53.51,32.90,36.34,7.146,6.953,339,355,0.3642
resnet18_transformer_L16_evalfix_split0_seed0,empirical,0.5,0.7115,0.7137,0.7194,0.7283,76.76,81.84,61.62,61.33,2.979,2.946,166,110,0.7225
resnet18_transformer_L16_evalfix_split0_seed1,empirical,1.0,0.7101,0.7124,0.7156,0.7300,78.37,78.08,62.09,61.97,3.156,2.934,145,144,0.7189
resnet18_transformer_L16_evalfix_split0_seed2,gamma,0.5,0.7156,0.7168,0.7072,0.7141,76.40,82.48,61.32,59.66,2.838,2.815,161,100,0.7192
resnet18_transformer_L16_multifocal3_evalfix_split0_seed0,flat,0.0,0.7175,0.7188,0.7299,0.7420,77.42,83.77,61.17,57.19,2.829,2.779,156,46,0.7420
resnet18_transformer_L16_split0_seed0,gamma,4.0,0.4918,0.5448,0.3685,0.3749,54.63,47.07,31.97,41.20,7.091,6.689,361,428,0.3739
resnet18_transformer_L32_evalfix_split0_seed0,flat,0.0,0.7045,0.7075,0.6697,0.6829,73.15,81.86,59.41,56.72,3.126,3.033,196,68,0.6829
resnet18_transformer_L64_evalfix_split0_seed0,flat,0.0,0.6887,0.6968,0.6588,0.6738,68.37,77.54,56.44,53.58,4.239,3.860,238,101,0.6738
resnet18_transformer_relpos_L16_split0_seed0,flat,0.0,0.6931,0.6970,0.6301,0.6414,72.47,78.54,57.56,52.83,3.352,3.273,207,95,0.6414
resnet18_transformer_relpos_L16_split0_seed1,empirical,0.5,0.6759,0.6750,0.5865,0.5888,67.76,70.97,55.37,53.28,3.773,3.779,243,197,0.5909
resnet18_transformer_relpos_L16_split0_seed2,flat,0.0,0.6919,0.6934,0.6383,0.6455,70.62,78.00,56.82,53.56,3.393,3.361,218,99,0.6455
resnet50_lstm_L8_embryodiff_split_seed0,empirical,2.0,0.7066,0.7072,0.7005,0.7008,77.51,74.86,59.53,61.25,3.108,3.107,411,512,0.7056
resnet50_lstm_L8_multifocal3_split0_seed0,empirical,0.5,0.7182,0.7201,0.7223,0.7329,78.45,82.02,63.19,63.10,3.805,3.759,139,105,0.7267
resnet50_lstm_L8_split0_seed0,empirical,0.5,0.7152,0.7188,0.7044,0.7118,77.71,82.58,61.01,59.41,3.071,3.030,142,77,0.7114
resnet50_lstm_L8_split0_seed1,empirical,0.5,0.7187,0.7204,0.7330,0.7379,79.31,83.16,61.37,59.61,2.872,2.854,126,66,0.7400
resnet50_lstm_L8_split0_seed1_bnadapt,empirical,0.5,0.5033,0.5098,0.4096,0.4215,51.65,52.97,40.19,40.25,4.959,4.889,384,360,0.4225
resnet50_lstm_L8_split0_seed2,flat,0.0,0.7205,0.7211,0.7199,0.7199,78.43,84.12,62.40,59.07,3.162,3.130,129,41,0.7199
resnet50_mamba_L16_split0_seed0,flat,0.0,0.6714,0.6757,0.6395,0.6633,71.24,80.02,57.10,52.55,4.305,4.213,217,80,0.6633
resnet50_transformer_L16_evalfix_split0_seed0,gamma,0.5,0.7102,0.7119,0.7040,0.7091,76.37,79.10,61.53,60.95,3.711,3.712,172,135,0.7136
resnet50_transformer_relpos_L16_split0_seed0,flat,0.0,0.5810,0.5850,0.4292,0.4434,60.95,66.08,46.83,44.52,5.626,5.500,302,231,0.4434
swin_t_lstm_L8_split0_seed0,flat,0.0,0.6535,0.6561,0.5510,0.5729,65.76,74.60,54.73,49.02,4.015,3.982,262,122,0.5729
